Tag_ID,Timestamp_ms,Anchor_ID,Raw_Distance_m,Filtered_Distance_m,Signal_Power_dBm,Anchor_Status
1,15612,1,11.1476,11.1663,-85.60,1
1,15618,2,5.1797,5.1626,-80.32,1
1,15625,3,2.5570,2.5423,-76.36,1
1,15631,4,8.7877,8.9168,-85.69,1
1,15637,5,9.7073,9.7093,-83.84,1
1,15688,1,11.1805,11.1694,-85.00,1
1,15694,2,5.1891,5.1684,-80.32,1
1,15701,3,2.5382,2.5414,-79.99,1
1,15707,4,8.9566,8.9255,-85.85,1
1,15713,5,9.7307,9.7140,-83.84,1
1,15766,1,11.1617,11.1677,-85.09,1
1,15772,2,5.1985,5.1751,-80.21,1
1,15779,3,2.5382,2.5407,-79.99,1
1,15785,4,8.5672,8.8464,-85.73,1
1,15791,5,9.7729,9.7270,-83.75,1
1,15855,1,11.1570,11.1654,-85.41,1
1,15861,2,5.1140,5.1616,-80.28,1
1,15868,3,2.5476,2.5422,-79.95,1
1,15874,4,8.9707,8.8739,-86.09,1
1,15880,5,9.7401,9.7299,-83.94,1
1,15933,1,11.1711,11.1666,-85.41,1
1,15939,2,5.2829,5.1884,-80.18,1
1,15946,3,2.5289,2.5393,-76.41,1
1,15952,4,8.9847,8.8983,-85.81,1
1,15958,5,9.7354,9.7311,-83.97,1
1,16009,1,11.1852,11.1707,-85.11,1
1,16016,2,5.1187,5.1730,-80.12,1
1,16022,3,2.5570,2.5432,-73.41,1
1,16028,4,8.9331,8.9060,-85.90,1
1,16034,5,9.7213,9.7290,-83.80,1
1,16096,1,11.1664,11.1698,-85.09,1
1,16102,2,5.0812,5.1527,-77.51,1
1,16109,3,2.5242,2.5390,-75.83,1
1,16115,4,8.9613,8.9182,-85.77,1
1,16121,5,9.6932,9.7211,-83.86,1
1,16173,1,11.1664,11.1690,-85.98,1
1,16179,2,5.1140,5.1442,-77.56,1
1,16188,3,2.5382,2.5388,-79.68,1
1,16195,4,8.9707,8.9298,-85.93,1
1,16201,5,9.7307,9.7232,-83.91,1
1,16254,1,11.1758,11.1705,-85.17,1
1,16260,2,5.1844,5.1531,-80.38,1
1,16266,3,2.5476,2.5408,-79.68,1
1,16273,4,8.9660,8.9378,-86.09,1
1,16279,5,9.7213,9.7228,-84.00,1
1,16330,1,11.1758,11.1717,-85.11,1
1,16336,2,5.1891,5.1610,-80.26,1
1,16343,3,2.5523,2.5433,-80.04,1
1,16349,4,8.9472,8.9398,-85.51,1
1,16355,5,9.7260,9.7235,-84.13,1
1,16408,1,11.1664,11.1705,-84.92,1
1,16414,2,5.1750,5.1641,-80.07,1
1,16420,3,2.5242,2.5391,-79.99,1
1,16427,4,8.9425,8.9404,-85.24,1
1,16433,5,9.7260,9.7241,-84.02,1
1,16496,1,11.1711,11.1706,-84.84,1
1,16502,2,5.1891,5.1696,-80.12,1
1,16509,3,2.5429,2.5399,-73.77,1
1,16515,4,8.7595,8.9005,-85.59,1
1,16521,5,9.7448,9.7286,-83.47,1
1,16572,1,11.1992,11.1769,-84.68,1
1,16578,2,5.0999,5.1542,-79.74,1
1,16585,3,2.5758,2.5479,-72.70,1
1,16591,4,8.5202,8.8166,-86.36,1
1,16597,5,9.7260,9.7281,-83.94,1
1,16648,1,11.1899,11.1798,-85.11,1
1,16654,2,5.0671,5.1350,-79.51,1
1,16661,3,2.6086,2.5613,-80.07,1
1,16667,4,8.9613,8.8485,-85.41,1
1,16673,5,9.7120,9.7245,-83.86,1
1,16725,1,11.1382,11.1706,-85.85,1
1,16731,2,5.0343,5.1128,-80.97,1
1,16737,3,2.5476,2.5583,-80.23,1
1,16744,4,8.8721,8.8537,-84.44,1
1,16750,5,9.6416,9.7062,-85.35,1
1,16814,1,11.1664,11.1697,-85.53,1
1,16820,2,5.2079,5.1338,-81.38,1
1,16827,3,2.5711,2.5611,-73.09,1
1,16833,4,8.7408,8.8288,-84.08,1
1,16839,5,9.7073,9.7064,-87.19,1
1,16892,1,11.1945,11.1752,-84.10,1
1,16898,2,4.7668,5.0528,-76.09,1
1,16905,3,2.5852,2.5664,-76.08,1
1,16911,4,8.5812,8.7742,-84.93,1
1,16918,5,9.5243,9.6662,-87.86,1
1,16969,1,11.1711,11.1743,-83.76,1
1,16975,2,4.5322,4.9379,-80.98,1
1,16982,3,2.5899,2.5716,-80.20,1
1,16988,4,8.4264,8.6974,-86.44,1
1,16994,5,9.6463,9.6618,-86.44,1
1,17046,1,11.1992,11.1798,-82.97,1
1,17052,2,4.5276,4.8473,-80.37,1
1,17059,3,2.6039,2.5787,-75.76,1
1,17066,4,8.4593,8.6449,-85.73,1
1,17072,5,9.6885,9.6677,-85.27,1
1,17135,1,11.1382,11.1706,-84.18,1
1,17142,2,4.3586,4.7395,-77.55,1
1,17152,3,2.6180,2.5874,-75.75,1
1,17158,4,8.5296,8.6194,-86.52,1
1,17164,5,9.6322,9.6599,-84.93,1
1,17206,1,11.1195,11.1593,-83.83,1
1,17212,2,4.3586,4.6554,-80.24,1
1,17218,3,2.6039,2.5910,-74.52,1
1,17224,4,8.5343,8.6006,-86.60,1
1,17230,5,9.6557,9.6589,-83.89,1
1,17294,1,11.1476,11.1568,-84.62,1
1,17300,2,4.3774,4.5941,-81.05,1
1,17307,3,2.5054,2.5721,-80.18,1
1,17313,4,8.6235,8.6057,-86.85,1
1,17319,5,9.7213,9.6727,-83.34,1
1,17372,1,11.1711,11.1599,-83.67,1
1,17378,2,4.3352,4.5369,-80.34,1
1,17384,3,2.4866,2.5533,-72.44,1
1,17391,4,8.7079,8.6282,-86.52,1
1,17397,5,9.7683,9.6938,-82.59,1
1,17448,1,11.1945,11.1676,-84.21,1
1,17454,2,4.2977,4.4841,-80.48,1
1,17461,3,2.4350,2.5272,-73.65,1
1,17467,4,8.7595,8.6572,-86.78,1
1,17473,5,9.7729,9.7113,-84.03,1
1,17526,1,11.1899,11.1725,-85.89,1
1,17532,2,4.3258,4.4492,-80.44,1
1,17538,3,2.3928,2.4975,-72.60,1
1,17544,4,8.7454,8.6767,-89.61,1
1,17551,5,9.7776,9.7259,-84.92,1
1,17614,1,11.0773,11.1515,-87.06,1
1,17620,2,4.2554,4.4064,-80.47,1
1,17627,3,2.3693,2.4692,-74.25,1
1,18199,5,9.8902,9.7622,-83.67,1
1,18255,1,10.7301,11.0585,-89.62,1
1,18261,2,3.9505,4.3058,-76.56,1
1,18268,3,2.2427,2.4192,-75.43,1
1,18274,4,8.9941,8.7467,-87.85,1
1,18280,5,9.9372,9.8008,-83.86,1
1,18333,1,10.7629,10.9932,-88.91,1
1,18339,2,3.9035,4.2170,-75.16,1
1,18345,3,2.2520,2.3823,-72.76,1
1,18352,4,8.9941,8.8013,-88.20,1
1,18358,5,9.9700,9.8381,-83.71,1
1,18409,1,10.7723,10.9445,-90.70,1
1,18415,2,3.8472,4.1354,-80.32,1
1,18422,3,2.2239,2.3474,-73.08,1
1,18428,4,9.0926,8.8656,-88.74,1
1,18434,5,9.9465,9.8621,-83.55,1
1,18486,1,10.9365,10.9427,-89.45,1
1,18493,2,3.8003,4.0615,-80.89,1
1,18499,3,2.1864,2.3118,-75.61,1
1,18505,4,9.0879,8.9147,-89.88,1
1,18511,5,9.9700,9.8859,-83.21,1
1,18575,1,11.0116,10.9579,-88.82,1
1,18581,2,3.8379,4.0121,-80.18,1
1,18588,3,2.1441,2.2748,-75.07,1
1,18594,4,9.1161,8.9591,-88.20,1
1,18600,5,10.1248,9.9386,-84.18,1
1,18653,1,10.9928,10.9656,-90.29,1
1,18659,2,3.8426,3.9747,-79.96,1
1,18665,3,2.1019,2.2367,-75.54,1
1,18672,4,9.2052,9.0135,-87.27,1
1,18678,5,10.0873,9.9714,-85.16,1
1,18729,1,11.1476,11.0058,-88.82,1
1,18735,2,3.9176,3.9621,-79.40,1
1,18742,3,2.0315,2.1914,-72.46,1
1,18748,4,9.2756,9.0713,-85.98,1
1,18754,5,10.1905,10.0198,-87.11,1
1,18807,1,11.1617,11.0402,-89.62,1
1,18813,2,3.8238,3.9316,-79.37,1
1,18819,3,1.9846,2.1458,-75.68,1
1,18826,4,9.3225,9.1268,-85.81,1
1,18832,5,10.2046,10.0606,-85.73,1
1,18895,1,11.1899,11.0732,-88.94,1
1,18901,2,3.7253,3.8860,-81.46,1
1,18908,3,1.9565,2.1040,-71.16,1
1,18914,4,9.3225,9.1700,-87.60,1
1,18920,5,10.1342,10.0768,-86.04,1
1,18973,1,11.2133,11.1041,-88.41,1
1,18979,2,3.6596,3.8361,-80.02,1
1,18985,3,1.8908,2.0569,-74.93,1
1,18992,4,9.3882,9.2181,-87.61,1
1,18998,5,10.3453,10.1361,-85.16,1
1,19049,1,11.2884,11.1448,-88.41,1
1,19055,2,3.5657,3.7764,-80.54,1
1,19062,3,1.8579,2.0130,-68.60,1
1,19068,4,9.4445,9.2681,-86.44,1
1,19074,5,10.2374,10.1584,-85.40,1
1,19127,1,11.3963,11.2003,-87.77,1
1,19133,2,3.5282,3.7216,-80.12,1
1,19139,3,1.8439,1.9757,-71.71,1
1,19146,4,9.5853,9.3381,-85.40,1
1,19152,5,10.3360,10.1976,-84.44,1
1,19215,1,11.3681,11.2373,-87.45,1
1,19221,2,3.5423,3.6820,-80.78,1
1,19227,3,1.7172,1.9186,-73.45,1
1,19234,4,9.6275,9.4020,-85.90,1
1,19240,5,10.2984,10.2199,-85.57,1
1,19292,1,11.4291,11.2797,-88.09,1
1,19298,2,3.5047,3.6429,-82.67,1
1,19304,3,1.6984,1.8700,-71.79,1
1,19311,4,9.6275,9.4517,-86.44,1
1,19320,5,10.4204,10.2641,-86.44,1
1,19373,1,11.4244,11.3116,-86.68,1
1,19379,2,3.7018,3.6559,-76.66,1
1,19386,3,1.6797,1.8280,-71.59,1
1,19392,4,9.7073,9.5081,-85.69,1
1,19398,5,10.5096,10.3183,-84.05,1
1,19449,1,11.5230,11.3583,-87.77,1
1,19455,2,3.3499,3.5884,-73.69,1
1,19462,3,1.5858,1.7746,-72.38,1
1,19468,4,9.8105,9.5749,-83.55,1
1,19474,5,10.6175,10.3843,-84.37,1
1,19526,1,11.5230,11.3946,-86.12,1
1,19533,2,3.9833,3.6755,-76.07,1
1,19539,3,1.5717,1.7298,-71.51,1
1,19545,4,9.8574,9.6372,-83.80,1
1,19551,5,10.7348,10.4617,-83.38,1
1,19615,1,11.6121,11.4426,-85.02,1
1,19622,2,3.6033,3.6596,-79.96,1
1,19628,3,1.5107,1.6815,-71.42,1
1,19634,4,9.8621,9.6868,-84.53,1
1,19640,5,10.7911,10.5344,-82.90,1
1,19693,1,11.6450,11.4873,-84.61,1
1,19699,2,3.2232,3.5633,-80.97,1
1,19705,3,1.4638,1.6334,-70.46,1
1,19712,4,9.9935,9.7545,-85.00,1
1,19718,5,10.8239,10.5983,-84.05,1
1,19770,1,11.7247,11.5397,-84.37,1
1,19776,2,3.4156,3.5307,-76.09,1
1,19783,3,1.4404,1.5908,-70.56,1
1,19789,4,9.9278,9.7927,-84.84,1
1,19795,5,10.8661,10.6574,-83.75,1
1,19848,1,11.7247,11.5805,-84.35,1
1,19854,2,3.4438,3.5115,-75.09,1
1,19860,3,1.3606,1.5400,-70.88,1
1,19867,4,9.9935,9.8370,-85.69,1
1,19873,5,10.9037,10.7117,-85.12,1
1,19925,1,11.7904,11.6268,-84.52,1
1,19931,2,3.3687,3.4800,-76.00,1
1,19938,3,1.3606,1.5004,-70.59,1
1,19944,4,9.8809,9.8467,-85.41,1
1,19950,5,10.9084,10.7551,-85.09,1
1,20015,1,11.7763,11.6598,-85.09,1
1,20021,2,3.3171,3.4440,-80.07,1
1,20027,3,1.3184,1.4602,-70.31,1
1,20034,4,9.6463,9.8025,-86.44,1
1,20040,5,10.9318,10.7941,-85.81,1
1,20092,1,11.7904,11.6886,-85.41,1
1,20098,2,3.4719,3.4502,-79.90,1
1,20104,3,1.2855,1.4217,-70.41,1
1,20111,4,9.7260,9.7856,-87.61,1
1,20117,5,10.9365,10.8255,-85.40,1
1,20168,1,11.8561,11.7256,-85.29,1
1,20174,2,3.7816,3.5233,-75.24,1
1,20181,3,1.2668,1.3875,-70.09,1
1,20187,4,9.8246,9.7942,-86.35,1
1,20193,5,10.9693,10.8573,-84.16,1
1,20246,1,11.8373,11.7503,-85.77,1
1,20252,2,3.6830,3.5586,-80.10,1
1,20259,3,1.2480,1.3567,-66.26,1
1,20265,4,9.6838,9.7698,-86.87,1
1,20271,5,11.0538,10.9006,-84.10,1
1,20334,1,11.8561,11.7736,-84.92,1
1,20343,2,3.4813,3.5415,-80.15,1
1,20349,3,1.2574,1.3348,-69.91,1
1,20356,4,9.6979,9.7540,-86.04,1
1,20362,5,11.0303,10.9293,-84.61,1
1,20415,1,11.8702,11.7949,-84.76,1
1,20421,2,3.3499,3.4992,-80.78,1
1,20428,3,1.2762,1.3219,-64.92,1
1,20434,4,9.6838,9.7385,-85.65,1
1,20440,5,11.0022,10.9454,-85.32,1
1,20492,1,11.8655,11.8105,-85.89,1
1,20498,2,3.3593,3.4683,-80.91,1
1,20504,3,1.3184,1.3211,-64.66,1
1,20511,4,9.6228,9.7129,-83.89,1
1,20517,5,11.0022,10.9579,-82.50,1
1,20570,1,11.8279,11.8143,-86.85,1
1,20576,2,3.3171,3.4350,-80.76,1
1,20583,3,1.3465,1.3267,-65.34,1
1,20589,4,9.7448,9.7200,-85.53,1
1,20595,5,10.9881,10.9646,-82.56,1
1,20647,1,11.7951,11.8101,-87.11,1
1,20653,2,3.3124,3.4079,-73.89,1
1,20660,3,1.3841,1.3394,-65.11,1
1,20666,4,10.4345,9.8777,-85.17,1
1,20672,5,10.9928,10.9708,-82.58,1
1,20736,1,11.7716,11.8016,-87.11,1
1,20742,2,3.3452,3.3941,-73.08,1
1,20749,3,1.3747,1.3472,-69.83,1
1,20755,4,10.1671,9.9415,-83.39,1
1,20761,5,10.9459,10.9653,-83.14,1
1,20814,1,11.7153,11.7826,-86.76,1
1,20820,2,3.3265,3.3792,-72.61,1
1,20826,3,1.4357,1.3667,-70.31,1
1,20833,4,10.2327,10.0058,-83.13,1
1,20839,5,11.0632,10.9869,-82.39,1
1,20890,1,11.6966,11.7636,-85.16,1
1,20896,2,3.3875,3.3810,-71.71,1
1,20903,3,1.4873,1.3933,-67.69,1
1,20909,4,10.4157,10.0963,-84.45,1
1,20915,5,11.1054,11.0131,-82.60,1
1,20967,1,11.6919,11.7478,-85.98,1
1,20973,2,3.3546,3.3752,-72.28,1
1,20979,3,1.5530,1.4285,-74.78,1
1,20986,4,10.0075,10.0767,-85.57,1
1,20992,5,11.0632,11.0241,-82.67,1
1,21055,1,11.6825,11.7334,-86.60,1
1,21061,2,3.2561,3.3489,-72.49,1
1,21068,3,1.5670,1.4591,-74.96,1
1,21074,4,9.9372,10.0459,-86.22,1
1,21080,5,11.1336,11.0483,-83.26,1
1,21132,1,11.6778,11.7211,-86.44,1
1,21138,2,3.1294,3.3004,-75.67,1
1,21147,3,1.5905,1.4881,-73.19,1
1,21154,4,10.1389,10.0664,-86.52,1
1,21160,5,11.0632,11.0516,-86.09,1
1,21213,1,11.7060,11.7178,-86.36,1
1,21219,2,3.1716,3.2720,-70.90,1
1,21225,3,1.6327,1.5200,-80.05,1
1,21232,4,10.1764,10.0907,-84.69,1
1,21238,5,10.8520,11.0075,-88.99,1
1,21289,1,11.7200,11.7183,-87.85,1
1,21295,2,3.2373,3.2644,-71.71,1
1,21301,3,1.7125,1.5625,-79.99,1
1,21308,4,10.0685,10.0858,-86.10,1
1,21314,5,10.7207,10.9442,-86.22,1
1,21366,1,11.8186,11.7404,-87.15,1
1,21372,2,3.2232,3.2553,-68.35,1
1,21378,3,1.6140,1.5739,-81.91,1
1,21384,4,10.0732,10.0830,-85.69,1
1,22013,1,10.9224,11.5599,-87.86,1
1,22019,2,2.7963,3.1540,-79.74,1
1,22026,3,2.0362,1.6759,-80.46,1
1,22032,4,10.3641,10.1451,-84.92,1
1,22649,1,11.4244,11.5300,-86.89,1
1,22655,2,2.3271,2.9715,-67.48,1
1,22662,3,2.3459,1.8238,-75.43,1
1,22668,4,10.7488,10.2783,-81.75,1
1,22674,5,11.0210,10.9612,-87.06,1
1,22725,1,11.3822,11.4974,-88.91,1
1,22731,2,2.2661,2.8158,-71.71,1
1,22738,3,2.3459,1.9390,-76.18,1
1,22744,4,10.8051,10.3946,-81.59,1
1,22750,5,11.0256,10.9754,-87.61,1
1,23377,2,1.7547,2.5816,-70.89,1
1,23384,3,2.8761,2.1458,-80.50,1
1,23390,4,11.2180,10.5763,-84.51,1
1,23396,5,11.1945,11.0238,-88.28,1
1,24014,2,1.3841,2.3173,-64.18,1
1,24021,3,3.3875,2.4198,-76.49,1
1,24027,4,11.5417,10.7894,-85.89,1
1,24033,5,11.4479,11.1174,-92.29,1
1,24650,2,1.4685,2.1300,-73.08,1
1,24657,3,3.9364,2.7545,-79.83,1
1,24663,4,11.6825,10.9865,-81.05,1
1,24669,5,10.9130,11.0723,-87.53,1
1,24736,1,10.1717,11.2048,-91.04,1
1,24742,2,1.7735,2.0513,-80.83,1
1,24748,3,3.8566,2.9978,-80.94,1
1,24755,4,11.5699,11.1152,-82.59,1
1,24761,5,10.7301,10.9967,-88.99,1
1,24813,1,10.1108,10.9634,-91.75,1
1,24819,2,1.5389,1.9382,-80.91,1
1,24826,3,4.0255,3.2246,-76.00,1
1,24832,4,11.5277,11.2063,-84.46,1
1,24838,5,10.5330,10.8944,-86.04,1
1,24889,1,10.0451,10.7607,-91.13,1
1,24895,2,1.6562,1.8760,-80.75,1
1,24901,3,3.8942,3.3724,-81.83,1
1,24908,4,11.5887,11.2907,-85.51,1
1,24914,5,10.6644,10.8436,-87.47,1
1,24967,1,9.9653,10.5852,-88.99,1
1,24973,2,1.6890,1.8347,-71.23,1
1,24979,3,4.0537,3.5227,-80.89,1
1,24985,4,11.1711,11.2643,-85.12,1
1,24992,5,10.4955,10.7668,-86.01,1
1,25055,1,9.9043,10.4349,-87.69,1
1,25061,2,1.8063,1.8285,-74.25,1
1,25067,3,4.0865,3.6472,-80.34,1
1,25074,4,11.0538,11.2178,-86.61,1
1,25080,5,10.5565,10.7204,-84.76,1
1,25132,1,9.8292,10.3012,-87.55,1
1,25138,2,1.8532,1.8339,-67.61,1
1,25145,3,4.1334,3.7545,-77.76,1
1,25151,4,10.9975,11.1692,-86.36,1
1,25157,5,10.5096,10.6739,-83.51,1
1,25208,1,9.7213,10.1733,-87.23,1
1,25214,2,1.9893,1.8682,-70.15,1
1,25221,3,4.1288,3.8371,-76.88,1
1,25227,4,11.1195,11.1582,-83.48,1
1,25233,5,10.5471,10.6459,-82.24,1
1,25286,1,9.6838,10.0652,-86.60,1
1,25292,2,1.9987,1.8970,-66.84,1
1,25298,3,4.1663,3.9097,-80.29,1
1,25305,4,11.0116,11.1259,-85.69,1
1,25311,5,10.4298,10.5982,-83.68,1
1,25374,1,9.5900,9.9603,-86.52,1
1,25380,2,2.0222,1.9246,-75.61,1
1,25387,3,4.3586,4.0088,-77.45,1
1,25393,4,11.0256,11.1037,-83.77,1
1,26009,1,9.1818,9.7885,-84.84,1
1,26015,2,2.4960,2.0507,-80.39,1
1,26021,3,5.4237,4.3211,-77.08,1
1,26028,4,10.6878,11.0120,-82.68,1
1,26034,5,9.7964,10.4212,-81.55,1
1,26085,1,9.1114,9.6391,-85.57,1
1,26091,2,2.5805,2.1676,-77.83,1
1,26097,3,5.2126,4.5178,-80.97,1
1,26104,4,10.6738,10.9373,-82.47,1
1,26110,5,9.7166,10.2657,-82.31,1
1,26175,1,8.9003,9.4760,-88.66,1
1,26181,2,2.7541,2.2971,-76.64,1
1,26188,3,4.9592,4.6152,-81.44,1
1,26194,4,10.6409,10.8719,-81.38,1
1,26200,5,9.5524,10.1083,-82.25,1
1,26251,1,8.7736,9.3210,-87.68,1
1,26257,2,2.8244,2.4135,-76.28,1
1,26264,3,5.0108,4.7025,-80.76,1
1,26270,4,10.6081,10.8137,-81.99,1
1,26276,5,9.4914,9.9722,-83.24,1
1,26329,1,8.7501,9.1950,-87.53,1
1,26335,2,2.8385,2.5073,-76.19,1
1,26341,3,5.0155,4.7716,-80.38,1
1,26347,4,10.4486,10.7331,-83.51,1
1,26354,5,9.4586,9.8588,-82.57,1
1,26405,1,8.6516,9.0751,-86.36,1
1,26411,2,2.9370,2.6021,-78.84,1
1,26418,3,5.3627,4.9020,-80.60,1
1,26424,4,10.4157,10.6631,-83.79,1
1,26430,5,9.4351,9.7653,-82.42,1
1,26493,1,8.5859,8.9671,-85.43,1
1,26499,2,3.2279,2.7402,-75.01,1
1,26505,3,4.8372,4.8877,-81.59,1
1,26512,4,10.3969,10.6043,-83.14,1
1,26518,5,9.3507,9.6738,-82.89,1
1,26569,1,8.5719,8.8799,-85.19,1
1,26575,2,3.0496,2.8085,-76.64,1
1,26582,3,4.8935,4.8890,-84.13,1
1,26588,4,10.3923,10.5575,-82.86,1
1,26594,5,9.2146,9.5725,-83.51,1
1,26647,1,8.4686,8.7891,-86.52,1
1,26653,2,3.1951,2.8938,-80.66,1
1,26659,3,5.1750,4.9521,-81.52,1
1,26665,4,10.3547,10.5128,-82.50,1
1,26672,5,9.1583,9.4811,-83.43,1
1,26735,1,8.3795,8.6987,-86.12,1
1,26741,2,3.3875,3.0028,-73.25,1
1,26748,3,5.3439,5.0386,-83.43,1
1,26754,4,10.3172,10.4696,-82.34,1
1,26760,5,9.0363,9.3829,-82.42,1
1,26813,1,8.3044,8.6117,-85.61,1
1,26819,2,3.4813,3.1084,-74.17,1
1,26825,3,5.0202,5.0345,-81.99,1
1,26832,4,10.2984,10.4318,-82.41,1
1,26838,5,8.9941,9.2971,-82.26,1
1,26889,1,8.2247,8.5263,-84.68,1
1,26895,2,3.5329,3.2021,-75.83,1
1,26902,3,5.2032,5.0718,-81.30,1
1,26908,4,10.1624,10.3724,-83.38,1
1,26914,5,8.9050,9.2106,-82.67,1
1,26966,1,8.1261,8.4380,-85.37,1
1,26972,2,3.5610,3.2813,-79.72,1
1,26979,3,5.3674,5.1370,-81.60,1
1,26985,4,10.1342,10.3198,-84.37,1
1,26991,5,8.8440,9.1297,-83.16,1
1,27055,1,7.9948,8.3402,-86.85,1
1,27061,2,3.5517,3.3410,-81.27,1
1,27067,3,4.9733,5.1009,-83.08,1
1,27074,4,10.0967,10.2706,-83.63,1
1,27080,5,8.6563,9.0252,-82.52,1
1,27133,1,7.8352,8.2287,-85.15,1
1,27139,2,3.7909,3.4403,-80.92,1
1,27145,3,5.1375,5.1089,-84.76,1
1,27152,4,10.0451,10.2208,-82.76,1
1,27158,5,8.6469,8.9417,-82.08,1
1,27212,1,7.8399,8.1429,-85.19,1
1,27218,2,3.9692,3.5570,-76.24,1
1,27225,3,5.1469,5.1173,-83.83,1
1,27231,4,9.9794,10.1675,-82.60,1
1,27237,5,8.6891,8.8860,-81.68,1
1,27290,1,7.7649,8.0595,-86.30,1
1,27296,2,3.7769,3.6055,-81.69,1
1,27303,3,5.8131,5.2709,-83.39,1
1,27309,4,9.9465,10.1187,-83.35,1
1,27315,5,8.5812,8.8187,-81.34,1
1,27367,1,7.6757,7.9748,-86.44,1
1,27373,2,3.9035,3.6713,-83.35,1
1,27380,3,5.9914,5.4299,-82.31,1
1,27386,4,9.8762,10.0652,-83.26,1
1,27392,5,8.4968,8.7477,-81.91,1
1,27445,1,7.5913,7.8902,-83.99,1
1,27451,2,4.0443,3.7536,-81.59,1
1,27457,3,6.0852,5.5745,-79.15,1
1,27464,4,9.8246,10.0121,-82.86,1
1,27470,5,8.4076,8.6726,-81.91,1
1,27533,1,7.5209,7.8087,-83.86,1
1,27539,2,4.1757,3.8468,-80.79,1
1,27546,3,5.9726,5.6624,-81.41,1
1,27552,4,9.8246,9.9707,-83.08,1
1,27558,5,8.2857,8.5872,-82.16,1
1,27610,1,7.4411,7.7276,-83.47,1
1,27616,2,4.4337,3.9763,-79.93,1
1,27622,3,6.0430,5.7464,-81.00,1
1,27629,4,9.7354,9.9188,-83.38,1
1,27635,5,8.1824,8.4979,-82.07,1
1,27686,1,7.3426,7.6426,-83.55,1
1,27692,2,4.2414,4.0348,-77.59,1
1,27699,3,6.7186,5.9609,-81.83,1
1,27705,4,9.7636,9.8845,-83.51,1
1,27711,5,8.1355,8.4179,-81.91,1
1,27774,1,7.2582,7.5578,-84.68,1
1,27780,2,4.3493,4.1042,-81.14,1
1,27787,3,6.4136,6.0608,-83.63,1
1,27793,4,9.7636,9.8578,-83.79,1
1,27799,5,8.0933,8.3463,-81.36,1
1,27850,1,7.1690,7.4720,-84.62,1
1,27857,2,4.5839,4.2101,-81.32,1
1,27863,3,6.4653,6.1501,-81.02,1
1,27869,4,9.7964,9.8443,-83.91,1
1,27875,5,7.9760,8.2646,-81.43,1
1,27925,1,7.0893,7.3875,-83.51,1
1,27932,2,4.6402,4.3050,-80.50,1
1,27938,3,6.5028,6.2279,-78.48,1
1,27944,4,9.7495,9.8234,-83.39,1
1,27950,5,7.8915,8.1822,-82.16,1
1,28013,1,6.9860,7.2989,-82.74,1
1,28019,2,4.8184,4.4183,-80.50,1
1,28025,3,6.5591,6.3010,-81.52,1
1,28032,4,9.6650,9.7884,-84.22,1
1,28038,5,7.7836,8.0943,-81.36,1
1,28089,1,6.9157,7.2143,-83.02,1
1,28095,2,4.7809,4.4983,-78.02,1
1,28101,3,6.4887,6.3424,-83.43,1
1,28107,4,9.6134,9.7498,-84.38,1
1,28114,5,7.7273,8.0133,-81.52,1
1,28831,1,6.1181,6.9724,-83.05,1
1,28837,2,5.8788,4.8030,-82.43,1
1,28844,3,7.3004,6.5539,-82.54,1
1,28850,4,9.4164,9.6762,-82.96,1
1,28856,5,7.0048,7.7907,-80.26,1
1,28896,1,6.0946,6.7787,-81.83,1
1,28902,2,5.5316,4.9638,-82.64,1
1,28908,3,7.6992,6.8066,-84.68,1
1,28914,4,9.3929,9.6137,-82.96,1
1,28921,5,6.9344,7.6017,-80.68,1
1,28972,1,6.0524,6.6184,-81.91,1
1,28978,2,5.6020,5.1046,-83.59,1
1,28984,3,7.4036,6.9384,-83.94,1
1,28991,4,9.2709,9.5380,-85.48,1
1,28997,5,6.8687,7.4400,-78.15,1
1,29048,1,5.9961,6.4810,-81.36,1
1,29054,2,5.9304,5.2869,-82.15,1
1,29060,3,7.3567,7.0307,-84.48,1
1,29067,4,9.2240,9.4687,-84.43,1
1,29073,5,6.7890,7.2963,-77.76,1
1,29125,1,5.8929,6.3512,-81.83,1
1,29131,2,6.0805,5.4620,-81.61,1
1,29138,3,7.4599,7.1254,-84.76,1
1,29147,4,9.1912,9.4075,-84.77,1
1,29153,5,6.7280,7.1709,-80.78,1
1,29207,1,5.7896,6.2273,-82.66,1
1,29213,2,6.1415,5.6120,-82.09,1
1,29219,3,7.5162,7.2117,-84.26,1
1,29226,4,9.1630,9.3535,-83.29,1
1,29232,5,6.6858,7.0638,-77.47,1
1,29295,1,5.7286,6.1172,-81.40,1
1,29301,2,6.2917,5.7620,-81.46,1
1,29307,3,7.6335,7.3048,-83.80,1
1,29314,4,9.1677,9.3125,-83.89,1
1,29320,5,6.6201,6.9659,-78.00,1
1,29372,1,5.6113,6.0056,-80.64,1
1,29378,2,6.3714,5.8965,-81.66,1
1,29384,3,7.7039,7.3928,-83.67,1
1,29391,4,9.1630,9.2795,-84.68,1
1,29397,5,6.5309,6.8699,-80.70,1
1,29448,1,5.5316,5.9010,-81.68,1
1,29454,2,6.4465,6.0179,-81.67,1
1,29460,3,7.7367,7.4687,-83.59,1
1,29467,4,9.1724,9.2559,-84.93,1
1,29473,5,6.4606,6.7796,-80.66,1
1,29526,1,5.4378,5.7987,-81.61,1
1,29532,2,6.4699,6.1176,-82.59,1
1,29539,3,7.8446,7.5517,-83.00,1
1,29545,4,9.1818,9.2395,-85.77,1
1,29551,5,6.3714,6.6895,-80.78,1
1,29614,1,5.3815,5.7067,-80.78,1
1,29620,2,6.3949,6.1788,-82.78,1
1,29627,3,8.0088,7.6526,-82.62,1
1,29633,4,9.2052,9.2320,-85.57,1
1,29639,5,6.3151,6.6069,-80.36,1
1,29691,1,5.2970,5.6162,-78.76,1
1,29697,2,6.3386,6.2141,-84.20,1
1,29703,3,8.0605,7.7426,-82.54,1
1,29710,4,9.1255,9.2085,-85.57,1
1,29716,5,6.2870,6.5363,-80.34,1
1,29767,1,5.2172,5.5282,-81.46,1
1,30339,3,8.7032,7.9546,-84.45,1
1,30346,4,9.0223,9.1674,-87.61,1
1,30352,5,5.7662,6.3663,-80.64,1
1,30406,1,4.6073,5.3250,-77.29,1
1,30412,2,7.4224,6.4807,-82.43,1
1,30419,3,8.7220,8.1240,-85.48,1
1,30425,4,9.0879,9.1498,-87.01,1
1,30431,5,5.6958,6.2183,-80.86,1
1,30495,1,4.5463,5.1531,-80.56,1
1,30501,2,7.4646,6.6979,-83.51,1
1,30507,3,8.8674,8.2880,-86.35,1
1,30514,4,9.1677,9.1538,-85.85,1
1,30520,5,5.6770,6.0989,-80.52,1
1,30572,1,4.4759,5.0037,-80.21,1
1,30578,2,7.4927,6.8733,-83.11,1
1,30584,3,8.8956,8.4221,-86.52,1
1,30591,4,9.1442,9.1517,-86.85,1
1,30597,5,5.5785,5.9840,-81.00,1
1,30648,1,4.3305,4.8551,-80.30,1
1,30655,2,7.5960,7.0328,-83.59,1
1,30664,3,8.9425,8.5370,-85.53,1
1,30671,4,9.0879,9.1376,-87.69,1
1,30678,5,5.5457,5.8873,-81.54,1
1,30730,1,4.2226,4.7155,-77.94,1
1,30736,2,7.6617,7.1716,-84.24,1
1,30742,3,8.8862,8.6140,-85.37,1
1,30748,4,9.1255,9.1349,-87.52,1
1,30755,5,5.4894,5.7995,-81.59,1
1,30806,1,4.1522,4.5912,-80.55,1
1,30812,2,7.6945,7.2870,-84.54,1
1,30819,3,9.1302,8.7280,-85.00,1
1,30825,4,9.1912,9.1473,-86.78,1
1,30831,5,5.4518,5.7227,-81.91,1
1,30895,1,4.0865,4.4798,-80.10,1
1,30901,2,7.8118,7.4028,-85.90,1
1,30908,3,9.2569,8.8447,-85.60,1
1,30914,4,9.2381,9.1674,-86.70,1
1,30920,5,5.4096,5.6536,-82.34,1
1,30972,1,4.0021,4.3744,-80.38,1
1,30978,2,7.7602,7.4817,-86.93,1
1,30984,3,9.3695,8.9605,-85.37,1
1,30991,4,9.2897,9.1944,-85.43,1
1,30997,5,5.3768,5.5925,-82.01,1
1,31048,1,3.9645,4.2839,-76.43,1
1,31054,2,7.7789,7.5473,-88.03,1
1,31061,3,9.4258,9.0632,-84.22,1
1,31067,4,9.3225,9.2227,-85.33,1
1,31073,5,5.3533,5.5397,-81.43,1
1,31126,1,3.9082,4.2010,-79.75,1
1,31132,2,7.8634,7.6170,-86.76,1
1,31138,3,9.5477,9.1701,-84.22,1
1,31145,4,9.3835,9.2582,-84.67,1
1,31151,5,5.3533,5.4986,-81.91,1
1,31215,1,3.8426,4.1219,-76.47,1
1,31221,2,8.0041,7.7025,-86.76,1
1,31228,3,9.6134,9.2680,-85.69,1
1,31234,4,9.4117,9.2920,-83.99,1
1,31240,5,5.3486,5.4655,-81.83,1
1,31293,1,3.7863,4.0478,-76.23,1
1,31299,2,8.0886,7.7877,-86.98,1
1,31306,3,9.5665,9.3338,-87.23,1
1,31312,4,9.3929,9.3143,-85.69,1
1,31318,5,5.3345,5.4366,-81.47,1
1,31370,1,3.7346,3.9787,-79.64,1
1,31376,2,8.1308,7.8634,-88.57,1
1,31383,3,9.6134,9.3955,-86.20,1
1,31389,4,9.2756,9.3058,-89.28,1
1,31395,5,5.2219,5.3892,-82.59,1
1,31448,1,3.6267,3.9010,-76.62,1
1,31454,2,8.2340,7.9452,-89.03,1
1,31461,3,9.7260,9.4685,-83.45,1
1,31467,4,9.4117,9.3291,-85.65,1
1,31473,5,5.1562,5.3378,-84.13,1
1,31536,1,3.5235,3.8177,-80.07,1
1,31542,2,8.6375,8.0980,-87.61,1
1,31548,3,9.8105,9.5440,-82.33,1
1,31555,4,9.4211,9.3494,-84.69,1
1,31561,5,5.1422,5.2946,-83.71,1
1,31613,1,3.4250,3.7310,-80.09,1
1,31619,2,8.7361,8.2388,-87.95,1
1,31625,3,9.9090,9.6245,-82.92,1
1,31632,4,9.4727,9.3766,-86.19,1
1,31638,5,5.0390,5.2382,-87.68,1
1,31689,1,3.3358,3.6438,-80.01,1
1,31695,2,8.8064,8.3641,-87.36,1
1,31701,3,10.0028,9.7080,-82.16,1
1,31708,4,9.4023,9.3823,-86.87,1
1,31714,5,5.0202,5.1901,-87.19,1
1,31767,1,3.2608,3.5593,-80.50,1
1,31773,2,8.9003,8.4824,-85.93,1
1,31780,3,10.0826,9.7907,-81.67,1
1,31786,4,9.5149,9.4116,-85.35,1
1,31792,5,5.3158,5.2178,-87.11,1
1,31855,1,3.1810,3.4758,-80.39,1
1,31862,2,9.0504,8.6078,-85.57,1
1,31868,3,10.1952,9.8800,-82.34,1
1,31874,4,9.5665,9.4458,-85.95,1
1,31880,5,5.5222,5.2850,-85.81,1
1,31933,1,3.0872,3.3900,-80.23,1
1,31939,2,9.0833,8.7127,-86.52,1
1,31945,3,10.3313,9.9796,-83.38,1
1,31951,4,9.4164,9.4393,-88.66,1
1,31958,5,5.4424,5.3197,-85.73,1
1,32009,1,2.9652,3.2963,-78.36,1
1,32015,2,9.1302,8.8048,-88.82,1
1,32022,3,10.4345,10.0800,-83.68,1
1,32028,4,9.8574,9.5315,-85.65,1
1,32034,5,5.3439,5.3251,-86.35,1
1,32087,1,2.8948,3.2077,-80.92,1
1,32657,3,11.0726,10.2990,-91.73,1
1,32664,4,10.6831,9.7857,-85.02,1
1,32670,5,5.3908,5.3396,-81.47,1
1,32736,1,2.1535,2.9750,-74.17,1
1,33306,3,11.8045,10.6313,-84.26,1
1,33313,4,10.9177,10.0355,-87.28,1
1,33319,5,5.5175,5.3789,-85.98,1
1,33373,1,1.4451,2.6374,-72.44,1
1,33379,2,10.3782,9.1521,-89.53,1
1,33385,3,11.9030,10.9119,-83.95,1
1,33392,4,10.7582,10.1950,-87.69,1
1,33398,5,5.5410,5.4146,-84.68,1
1,33450,1,1.3512,2.3535,-72.26,1
1,33456,2,10.4016,9.4278,-89.79,1
1,33462,3,11.9687,11.1452,-83.08,1
1,33469,4,10.7957,10.3276,-87.23,1
1,33475,5,5.6160,5.4591,-85.61,1
1,33526,1,1.2715,2.1147,-74.86,1
1,33532,2,10.5142,9.6676,-89.45,1
1,33539,3,12.0250,11.3393,-83.11,1
1,33545,4,10.9130,10.4568,-86.35,1
1,33551,5,5.6536,5.5020,-85.08,1
1,33615,1,1.2011,1.9131,-71.48,1
1,33622,2,10.5612,9.8648,-90.12,1
1,33628,3,12.1141,11.5103,-83.51,1
1,33634,4,11.2227,10.6258,-87.19,1
1,33640,5,5.6911,5.5437,-85.48,1
1,33693,1,1.1119,1.7363,-72.21,1
1,33699,2,10.6362,10.0351,-90.46,1
1,33705,3,12.1892,11.6602,-83.91,1
1,33711,4,11.6450,10.8508,-85.98,1
1,33718,5,5.7380,5.5866,-83.47,1
1,33769,1,1.0510,1.5850,-71.75,1
1,33775,2,10.6597,10.1729,-90.46,1
1,33781,3,12.2690,11.7945,-83.40,1
1,33788,4,11.0069,10.8852,-84.84,1
1,33794,5,5.8178,5.6376,-83.59,1
1,33846,1,0.9806,1.4516,-71.39,1
1,33852,2,10.7019,10.2897,-90.70,1
1,33858,3,12.2737,11.9003,-83.47,1
1,33865,4,11.0163,10.9141,-85.40,1
1,33871,5,5.8647,5.6878,-83.97,1
1,33934,1,0.9196,1.3342,-70.92,1
1,33940,2,10.7535,10.3920,-91.21,1
1,34058,3,12.3816,12.0065,-82.88,1
1,34064,4,11.4338,11.0288,-85.09,1
1,34070,5,5.8178,5.7164,-86.36,1
1,34111,1,0.8727,1.2324,-67.25,1
1,34681,3,12.5974,12.1369,-80.84,1
1,34688,4,11.3025,11.0892,-84.48,1
1,34694,5,5.9210,5.7616,-85.43,1
1,34736,1,0.8492,1.1478,-64.58,1
1,34742,2,10.9834,10.5225,-90.29,1
1,34748,3,12.5739,12.2333,-84.14,1
1,34755,4,11.2555,11.1259,-84.51,1
1,34761,5,5.7662,5.7626,-89.71,1
1,34812,1,0.9102,1.0954,-69.91,1
1,35384,3,12.2502,12.2371,-83.03,1
1,35391,4,10.8098,11.0562,-82.67,1
1,35408,5,5.5269,5.7106,-81.12,1
1,35450,1,1.2902,1.1384,-71.56,1
1,36020,3,11.9781,12.1799,-82.08,1
1,36027,4,10.3125,10.8920,-81.33,1
1,36033,5,5.0530,5.5655,-80.83,1
1,36088,1,1.8016,1.2847,-75.83,1
1,36094,2,10.6128,10.5425,-85.85,1
1,36101,3,11.9077,12.1198,-83.10,1
1,36107,4,10.2327,10.7465,-80.80,1
1,36113,5,4.9967,5.4399,-78.42,1
1,36166,1,1.8673,1.4133,-76.56,1
1,36172,2,10.5893,10.5528,-85.53,1
1,36178,3,11.8608,12.0627,-82.94,1
1,36185,4,10.1483,10.6145,-80.83,1
1,36191,5,4.9076,5.3225,-80.33,1
1,36254,1,1.9330,1.5280,-79.93,1
1,36261,2,10.5846,10.5598,-84.92,1
1,36267,3,11.7998,12.0046,-82.80,1
1,36273,4,10.0545,10.4909,-81.30,1
1,36279,5,4.8701,5.2226,-79.87,1
1,36332,1,2.0268,1.6381,-76.23,1
1,36338,2,10.5893,10.5663,-85.29,1
1,36344,3,11.7904,11.9574,-82.98,1
1,36914,5,4.2132,4.9998,-77.11,1
1,36969,1,2.7025,1.8730,-77.43,1
1,36975,2,10.4626,10.5434,-85.19,1
1,36982,3,11.3072,11.8139,-87.68,1
1,36988,4,9.2052,10.2072,-82.90,1
1,36994,5,4.1194,4.8055,-73.97,1
1,37046,1,2.7963,2.0768,-76.90,1
1,37052,2,10.4486,10.5225,-85.77,1
1,37058,3,11.2462,11.6886,-88.12,1
1,37065,4,9.1912,9.9829,-81.13,1
1,37071,5,4.0584,4.6406,-76.43,1
1,37134,1,2.9089,2.2604,-76.86,1
1,37140,2,10.3641,10.4875,-84.59,1
1,37147,3,11.2790,11.5982,-86.87,1
1,37157,4,9.1161,9.7916,-80.66,1
1,37163,5,3.9833,4.4956,-76.31,1
1,37216,1,2.9933,2.4222,-80.54,1
1,37222,2,10.3266,10.4520,-84.35,1
1,37229,3,11.2649,11.5246,-85.00,1
1,37235,4,8.9425,9.6042,-81.67,1
1,37241,5,3.8848,4.3608,-76.82,1
1,37292,1,3.0872,2.5689,-79.93,1
1,37298,2,10.3500,10.4295,-84.37,1
1,37305,3,11.2508,11.4642,-84.52,1
1,37311,4,8.8487,9.4375,-80.88,1
1,37317,5,3.8050,4.2381,-80.37,1
1,37370,1,3.1294,2.6926,-80.56,1
1,37376,2,10.3219,10.4058,-84.18,1
1,37382,3,11.1899,11.4037,-84.32,1
1,37389,4,8.7924,9.2951,-80.73,1
1,37395,5,3.6643,4.1115,-79.91,1
1,37446,1,3.2655,2.8191,-76.96,1
1,37452,2,10.3313,10.3893,-86.27,1
1,37459,3,11.1899,11.3565,-83.59,1
1,37465,4,8.7032,9.1645,-80.94,1
1,37471,5,3.6080,4.0003,-80.16,1
1,37535,1,3.3265,2.9310,-80.38,1
1,37541,2,10.3078,10.3713,-86.76,1
1,37547,3,11.1476,11.3104,-85.51,1
1,37554,4,8.5906,9.0378,-80.78,1
1,37560,5,3.4954,3.8889,-80.18,1
1,37613,1,3.4860,3.0535,-76.35,1
1,37619,2,10.3923,10.3759,-86.36,1
1,37625,3,10.9506,11.2310,-88.41,1
1,37632,4,8.5062,8.9205,-80.72,1
1,37638,5,3.5141,3.8062,-73.16,1
1,37689,1,3.5564,3.1645,-74.53,1
1,37695,2,10.3969,10.3806,-85.98,1
1,37702,3,10.9553,11.1701,-89.37,1
1,37708,4,8.4405,8.8146,-80.75,1
1,37714,5,3.4156,3.7200,-73.32,1
1,37767,1,3.6455,3.2706,-75.09,1
1,37773,2,10.3172,10.3666,-88.03,1
1,37779,3,11.0913,11.1527,-87.47,1
1,37785,4,8.4170,8.7268,-77.89,1
1,37792,5,3.2655,3.6197,-75.83,1
1,37855,1,3.7440,3.3751,-72.84,1
1,37861,2,10.2468,10.3402,-89.03,1
1,37867,3,11.1805,11.1589,-88.12,1
1,37874,4,8.2434,8.6201,-81.27,1
1,37880,5,3.2045,3.5280,-80.26,1
1,37932,1,3.8238,3.4741,-79.87,1
1,37938,2,10.2562,10.3216,-88.41,1
1,37944,3,11.1617,11.1595,-88.28,1
1,37951,4,8.1168,8.5090,-82.07,1
1,37957,5,3.1435,3.4432,-79.55,1
1,38008,1,3.8895,3.5658,-75.84,1
1,38014,2,10.2421,10.3041,-87.93,1
1,38021,3,11.0726,11.1403,-88.20,1
1,38027,4,8.0135,8.3997,-81.83,1
1,38033,5,3.0919,3.3656,-75.66,1
1,38085,1,3.9927,3.6600,-80.28,1
1,38091,2,10.2140,10.2842,-88.16,1
1,38097,3,10.8896,11.0850,-87.85,1
1,38103,4,7.9385,8.2979,-81.14,1
1,38110,5,2.9887,3.2824,-78.94,1
1,38173,1,4.1147,3.7604,-81.36,1
1,38180,2,10.4063,10.3111,-87.77,1
1,38186,3,10.6081,10.9797,-89.20,1
1,38192,4,7.8118,8.1906,-80.84,1
1,38198,5,2.8901,3.1959,-80.39,1
1,38251,1,4.1522,3.8468,-81.26,1
1,38257,2,10.3172,10.3125,-89.03,1
1,38263,3,10.7770,10.9350,-89.07,1
1,38270,4,7.7555,8.0946,-80.84,1
1,38276,5,2.8761,3.1253,-75.91,1
1,38327,1,4.3117,3.9494,-80.88,1
1,38897,3,10.6831,10.8794,-86.14,1
1,38904,4,7.0658,7.8675,-82.06,1
1,38910,5,2.2708,2.9367,-75.36,1
1,38976,1,5.1562,4.2158,-83.47,1
1,38982,2,10.2046,10.2887,-87.77,1
1,38989,3,10.6831,10.8361,-85.69,1
1,38995,4,6.9063,7.6554,-82.97,1
1,39001,5,2.2192,2.7784,-71.72,1
1,39054,1,5.1844,4.4295,-84.08,1
1,39060,2,10.2890,10.2888,-87.77,1
1,39066,3,10.6128,10.7868,-84.93,1
1,39073,4,6.8359,7.4745,-82.96,1
1,39079,5,2.1535,2.6405,-71.63,1
1,39130,1,5.2172,4.6034,-87.19,1
1,39136,2,10.3594,10.3043,-86.70,1
1,39142,3,10.5705,10.7391,-85.85,1
1,39148,4,6.7749,7.3201,-82.56,1
1,39155,5,2.1488,2.5320,-71.27,1
1,39208,1,5.3064,4.7585,-86.30,1
1,39214,2,10.4439,10.3351,-87.11,1
1,39220,3,10.5940,10.7071,-86.27,1
1,39227,4,6.7139,7.1863,-81.40,1
1,39233,5,2.1019,2.4370,-71.05,1
1,39296,1,5.4190,4.9043,-83.51,1
1,39302,2,10.4251,10.3550,-88.01,1
1,39308,3,10.5330,10.6686,-86.95,1
1,39315,4,6.6342,7.0645,-81.30,1
1,39321,5,2.0409,2.3496,-70.94,1
1,39373,1,5.5222,5.0407,-83.79,1
1,39379,2,10.3829,10.3611,-87.39,1
1,39386,3,10.5377,10.6397,-87.45,1
1,39392,4,6.5638,6.9540,-81.17,1
1,39398,5,2.0315,2.2794,-69.44,1
1,39449,1,5.6020,5.1645,-85.65,1
1,39456,2,10.4720,10.3856,-88.01,1
1,39462,3,10.5096,10.6110,-86.60,1
1,39468,4,6.4699,6.8471,-81.52,1
1,39474,5,2.0081,2.2195,-69.83,1
1,39527,1,5.7193,5.2870,-83.11,1
1,39533,2,10.5096,10.4130,-86.70,1
1,39540,3,10.5846,10.6052,-86.87,1
1,39546,4,6.3761,6.7432,-80.49,1
1,39552,5,1.9799,2.1667,-66.92,1
1,39615,1,5.7849,5.3969,-83.71,1
1,39621,2,10.4908,10.4301,-86.87,1
1,39628,3,10.4157,10.5634,-88.82,1
1,39634,4,6.2729,6.6394,-80.62,1
1,39640,5,1.9612,2.1213,-68.12,1
1,39693,1,5.9304,5.5146,-83.59,1
1,39699,2,10.3876,10.4207,-87.31,1
1,39706,3,10.4157,10.5308,-89.45,1
1,39712,4,6.1087,6.5223,-81.91,1
1,39718,5,1.9424,2.0818,-70.38,1
1,39769,1,5.9257,5.6053,-84.84,1
1,39775,2,10.4157,10.4196,-86.89,1
1,39781,3,10.3360,10.4878,-88.91,1
1,39788,4,6.0618,6.4206,-78.26,1
1,39794,5,1.9424,2.0510,-70.24,1
1,39846,1,6.0008,5.6926,-84.03,1
1,39852,2,10.4767,10.4322,-87.31,1
1,39858,3,10.3078,10.4481,-86.93,1
1,39864,4,5.9773,6.3228,-77.99,1
1,39871,5,1.9236,2.0229,-74.56,1
1,39934,1,6.1134,5.7855,-82.06,1
1,39941,2,10.4673,10.4400,-87.93,1
1,39947,3,10.2703,10.4088,-85.19,1
1,39953,4,5.8788,6.2248,-80.38,1
1,39959,5,1.9236,2.0010,-70.52,1
1,40012,1,6.2354,5.8848,-81.05,1
1,40018,2,10.4720,10.4470,-90.03,1
1,40024,3,10.3172,10.3886,-85.11,1
1,40031,4,5.7803,6.1267,-80.93,1
1,40037,5,1.9236,1.9839,-71.94,1
1,40088,1,6.2917,5.9746,-80.93,1
1,40658,3,10.1577,10.3376,-88.36,1
1,40665,4,5.1234,5.9053,-80.02,1
1,40671,5,2.1817,2.0276,-84.84,1
1,40725,1,6.9767,6.1957,-82.43,1
1,40731,2,10.8098,10.5271,-87.60,1
1,40737,3,10.4110,10.3538,-87.52,1
1,40744,4,5.0155,5.7089,-79.90,1
1,40750,5,2.1254,2.0492,-85.81,1
1,40815,1,7.1033,6.3960,-81.44,1
1,40821,2,10.7488,10.5760,-87.68,1
1,40828,3,10.3876,10.3613,-87.03,1
1,40834,4,4.8982,5.5300,-76.94,1
1,40840,5,2.1348,2.0680,-85.81,1
1,40892,1,7.1549,6.5635,-82.89,1
1,40898,2,10.6409,10.5904,-86.85,1
1,40905,3,10.3782,10.3650,-89.53,1
1,40911,4,4.8044,5.3698,-80.24,1
1,40917,5,2.2755,2.1138,-84.84,1
1,40968,1,7.2629,6.7179,-82.52,1
1,40974,2,10.6597,10.6057,-88.44,1
1,40980,3,10.1858,10.3255,-91.21,1
1,40987,4,4.7574,5.2347,-76.00,1
1,40993,5,2.2192,2.1371,-85.51,1
1,41045,1,7.3567,6.8588,-82.84,1
1,41051,2,10.6503,10.6155,-87.69,1
1,41057,3,10.1248,10.2812,-88.82,1
1,41064,4,4.6636,5.1087,-73.77,1
1,41070,5,2.2520,2.1625,-84.84,1
1,41133,1,7.4646,6.9925,-82.70,1
1,41140,2,10.7254,10.6398,-88.33,1
1,41150,3,10.2609,10.2767,-88.58,1
1,41156,4,4.4853,4.9711,-76.67,1
1,41162,5,2.3834,2.2112,-82.80,1
1,41215,1,7.5350,7.1122,-82.59,1
1,41221,2,10.7629,10.6669,-88.66,1
1,41228,3,10.1342,10.2453,-87.69,1
1,41234,4,4.4056,4.8463,-74.22,1
1,41240,5,2.4069,2.2544,-81.16,1
1,41291,1,7.6429,7.2294,-81.59,1
1,41297,2,10.7629,10.6881,-88.09,1
1,41303,3,10.1717,10.2290,-88.09,1
1,41310,4,4.2789,4.7211,-76.74,1
1,41316,5,2.4538,2.2984,-81.07,1
1,41368,1,7.7414,7.3424,-82.07,1
1,41374,2,10.8333,10.7202,-88.12,1
1,41381,3,10.2187,10.2267,-88.01,1
1,41387,4,4.2320,4.6131,-73.77,1
1,41393,5,2.5617,2.3565,-77.08,1
1,41456,1,7.8118,7.4460,-81.75,1
1,41462,2,10.8896,10.7575,-87.36,1
1,41469,3,10.1624,10.2125,-87.77,1
1,41475,4,4.1428,4.5093,-73.16,1
1,41481,5,2.5945,2.4090,-77.63,1
1,41534,1,7.9338,7.5536,-80.58,1
1,41540,2,10.9130,10.7919,-87.47,1
1,41546,3,10.1811,10.2056,-85.90,1
1,41553,4,4.0865,4.4160,-73.43,1
1,41559,5,2.6649,2.4655,-76.76,1
1,41610,1,7.9901,7.6499,-81.83,1
1,41616,2,10.8567,10.8062,-88.01,1
1,41623,3,10.1577,10.1950,-85.81,1
1,41629,4,3.9927,4.3226,-76.18,1
1,41635,5,2.7353,2.5251,-77.19,1
1,41688,1,8.1027,7.7499,-82.92,1
1,41694,2,10.8661,10.8194,-87.11,1
1,41701,3,10.1436,10.1837,-86.19,1
1,41707,4,3.8942,4.2280,-76.18,1
1,41713,5,2.7916,2.5839,-76.78,1
1,41776,1,8.1684,7.8422,-82.19,1
1,41782,2,11.0350,10.8670,-86.44,1
1,41789,3,10.1014,10.1655,-85.27,1
1,41795,4,3.8191,4.1378,-73.51,1
1,41801,5,2.8385,2.6401,-77.11,1
1,41854,1,8.2294,7.9277,-81.67,1
1,41860,2,10.9975,10.8958,-85.09,1
1,41866,3,10.0732,10.1451,-84.70,1
1,41873,4,3.7253,4.0467,-72.26,1
1,41879,5,2.9230,2.7025,-80.89,1
1,41930,1,8.3654,8.0243,-79.48,1
1,41936,2,11.1476,10.9514,-84.54,1
1,41943,3,10.0498,10.1241,-84.76,1
1,41949,4,3.6690,3.9634,-71.59,1
1,41955,5,3.0121,2.7708,-81.19,1
1,42008,1,8.4546,8.1192,-81.91,1
1,42014,2,11.2555,11.0185,-84.52,1
1,42020,3,10.0451,10.1067,-84.38,1
1,42027,4,3.5423,3.8704,-72.16,1
1,42033,5,3.1388,2.8520,-81.33,1
1,42096,1,8.5531,8.2150,-82.36,1
1,42103,2,11.2180,11.0625,-86.12,1
1,42109,3,10.0498,10.0941,-83.32,1
1,42115,4,3.4062,3.7680,-75.05,1
1,42122,5,3.1810,2.9246,-81.01,1
1,42175,1,8.6282,8.3062,-83.24,1
1,42181,2,11.2227,11.0979,-87.60,1
1,42188,3,10.0404,10.0822,-84.08,1
1,42194,4,3.3405,3.6737,-72.14,1
1,42200,5,3.2749,3.0019,-81.60,1
1,42252,1,8.7220,8.3979,-83.63,1
1,42259,2,11.4573,11.1772,-86.93,1
1,42265,3,10.0638,10.0782,-83.92,1
1,42271,4,3.2795,3.5867,-71.89,1
1,42278,5,3.3358,3.0756,-82.19,1
1,42330,1,8.8205,8.4912,-83.39,1
1,42336,2,11.3259,11.2100,-87.28,1
1,42342,3,10.0638,10.0750,-83.87,1
1,42349,4,3.1857,3.4982,-72.02,1
1,42355,5,3.3687,3.1403,-82.86,1
1,42406,1,8.8627,8.5732,-84.10,1
1,42412,2,11.1007,11.1859,-88.36,1
1,42418,3,10.0779,10.0757,-83.56,1
1,42425,4,3.0825,3.4064,-71.80,1
1,42431,5,3.4484,3.2083,-83.26,1
1,42495,1,8.9988,8.6671,-84.77,1
1,43065,3,10.0779,10.0761,-85.17,1
1,43072,4,2.3740,3.1786,-70.31,1
1,43078,5,4.0631,3.3970,-84.20,1
1,43132,1,9.6791,8.8905,-82.52,1
1,43138,2,11.3963,11.2323,-88.49,1
1,43145,3,10.0638,10.0734,-85.73,1
1,43151,4,2.2474,2.9731,-67.00,1
1,43157,5,4.1053,3.5533,-84.61,1
1,43210,1,9.8058,9.0925,-82.89,1
1,43216,2,11.5089,11.2934,-87.06,1
1,43223,3,10.1061,10.0806,-87.61,1
1,43229,4,2.1676,2.7953,-70.34,1
1,43235,5,4.2179,3.7000,-85.11,1
1,43286,1,9.9278,9.2768,-83.18,1
1,43292,2,11.5652,11.3534,-86.19,1
1,43299,3,10.1483,10.0956,-88.09,1
1,43305,4,2.1160,2.6454,-66.84,1
1,43311,5,4.3023,3.8329,-84.92,1
1,43376,1,10.0028,9.4370,-83.43,1
1,43383,2,11.6543,11.4198,-85.73,1
1,43389,3,10.1295,10.1031,-87.09,1
1,43395,4,2.0034,2.5037,-69.58,1
1,43401,5,4.3962,3.9572,-85.00,1
1,43454,1,10.1014,9.5837,-83.23,1
1,43460,2,11.7435,11.4912,-85.19,1
1,43466,3,10.1389,10.1110,-86.87,1
1,43473,4,1.9330,2.3777,-69.68,1
1,43479,5,4.4619,4.0686,-84.92,1
1,43530,1,10.1577,9.7103,-83.19,1
1,43536,2,11.8467,11.5697,-85.25,1
1,43543,3,10.1061,10.1099,-87.01,1
1,43549,4,1.8157,2.2537,-66.92,1
1,43555,5,4.5182,4.1678,-84.68,1
1,43607,1,10.2046,9.8194,-83.67,1
1,43613,2,11.9124,11.6453,-85.48,1
1,43619,3,10.1201,10.1121,-85.09,1
1,43626,4,1.8016,2.1539,-65.48,1
1,43632,5,4.5932,4.2617,-83.86,1
1,43695,1,10.3406,9.9345,-82.91,1
1,43701,2,11.9499,11.7125,-85.01,1
1,43708,3,10.1717,10.1253,-84.14,1
1,43714,4,1.7360,2.0617,-65.16,1
1,43720,5,4.6214,4.3411,-83.51,1
1,43772,1,10.3594,10.0282,-82.31,1
1,43778,2,11.9640,11.7680,-84.44,1
1,43785,3,10.2374,10.1500,-82.97,1
1,43791,4,1.6515,1.9712,-65.95,1
1,43797,5,4.6777,4.4154,-85.01,1
1,43848,1,10.4392,10.1189,-83.19,1
1,43854,2,11.9171,11.8009,-85.89,1
1,43861,3,10.2750,10.1776,-82.97,1
1,43867,4,1.5530,1.8789,-66.84,1
1,43873,5,4.7668,4.4929,-86.44,1
1,43926,1,10.4720,10.1969,-85.11,1
1,43932,2,11.8467,11.8110,-87.23,1
1,43938,3,10.2937,10.2032,-83.32,1
1,43945,4,1.4920,1.7935,-65.94,1
1,43951,5,4.7105,4.5410,-91.13,1
1,44014,1,10.5565,10.2762,-84.16,1
1,44020,2,12.1517,11.8862,-87.15,1
1,44027,3,10.1061,10.1818,-85.69,1
1,44033,4,1.3981,1.7062,-66.42,1
1,44039,5,4.8841,4.6167,-84.46,1
1,44091,1,10.6222,10.3526,-86.04,1
1,44097,2,12.2924,11.9759,-85.81,1
1,44104,3,10.1952,10.1848,-85.24,1
1,44110,4,1.3700,1.6320,-65.42,1
1,44116,5,4.9404,4.6881,-84.59,1
1,44168,1,10.6456,10.4172,-85.40,1
1,44175,2,12.2408,12.0343,-85.37,1
1,44181,3,10.2468,10.1985,-85.01,1
1,44187,4,1.2339,1.5442,-67.98,1
1,44193,5,4.9404,4.7438,-85.27,1
1,44246,1,10.6925,10.4780,-85.93,1
1,44252,2,12.2596,12.0840,-86.06,1
1,44259,3,10.2280,10.2050,-85.98,1
1,44265,4,1.2527,1.4798,-66.37,1
1,44271,5,5.0061,4.8017,-82.39,1
1,44334,1,10.8192,10.5533,-85.25,1
1,44904,3,10.0169,10.1635,-80.39,1
1,44911,4,1.4967,1.4836,-82.46,1
1,44917,5,5.3345,4.9193,-88.58,1
1,44971,1,10.5752,10.5581,-84.76,1
1,44977,2,11.8186,12.0255,-83.51,1
1,44983,3,10.0545,10.1394,-80.40,1
1,44990,4,1.2386,1.4295,-81.69,1
1,44996,5,5.0953,4.9581,-84.40,1
1,45048,1,10.4626,10.5371,-84.84,1
1,45054,2,11.8232,11.9808,-82.82,1
1,45061,3,10.0216,10.1134,-76.97,1
1,45067,4,1.2621,1.3926,-81.83,1
1,45073,5,5.0343,4.9749,-86.35,1
1,45136,1,10.4251,10.5124,-85.48,1
1,45146,2,11.7763,11.9357,-82.14,1
1,45153,3,9.9794,10.0838,-79.99,1
1,45159,4,1.5201,1.4207,-81.83,1
1,45165,5,4.9873,4.9777,-88.66,1
1,45206,1,10.4814,10.5055,-85.73,1
1,45212,2,11.7669,11.8985,-81.36,1
1,45219,3,9.9935,10.0639,-74.28,1
1,45225,4,1.5248,1.4437,-83.02,1
1,45231,5,4.9827,4.9788,-90.48,1
1,45295,1,10.4251,10.4878,-86.12,1
1,45301,2,11.7294,11.8611,-81.38,1
1,45307,3,9.9841,10.0463,-73.65,1
1,45314,4,1.6093,1.4802,-81.67,1
1,45320,5,4.9920,4.9817,-89.62,1
1,45372,1,10.3313,10.4532,-85.73,1
1,45378,2,11.7388,11.8341,-81.18,1
1,45385,3,9.9418,10.0232,-75.75,1
1,45391,4,1.6609,1.5201,-82.08,1
1,45397,5,4.9357,4.9716,-86.76,1
1,45448,1,10.2843,10.4160,-86.20,1
1,45454,2,11.6919,11.8027,-80.36,1
1,45461,3,9.9137,9.9991,-76.28,1
1,45467,4,1.6703,1.5532,-83.47,1
1,45473,5,4.9264,4.9616,-85.90,1
1,45525,1,10.2609,10.3817,-85.60,1
1,45531,2,11.6027,11.7586,-80.72,1
1,45537,3,9.8668,9.9699,-75.67,1
1,45544,4,1.6750,1.5801,-83.31,1
1,45550,5,4.9217,4.9528,-84.84,1
1,45613,1,10.1952,10.3406,-86.19,1
1,45619,2,11.5511,11.7128,-77.89,1
1,45626,3,9.8433,9.9419,-75.47,1
1,45632,4,1.7876,1.6259,-82.20,1
1,45638,5,4.9217,4.9459,-84.28,1
1,45691,1,10.1530,10.2992,-87.11,1
1,45697,2,11.4620,11.6575,-81.07,1
1,45704,3,9.8058,9.9119,-73.00,1
1,45710,4,1.8392,1.6730,-82.23,1
1,45716,5,4.9451,4.9457,-84.76,1
1,45767,1,10.1999,10.2773,-86.44,1
1,45773,2,11.4432,11.6102,-80.58,1
1,45780,3,9.7026,9.8657,-72.84,1
1,45786,4,1.7782,1.6962,-82.26,1
1,45792,5,4.9873,4.9549,-84.76,1
1,45845,1,10.2609,10.2736,-87.23,1
1,45851,2,11.3635,11.5557,-77.63,1
1,45858,3,9.6557,9.8193,-72.62,1
1,45864,4,1.8720,1.7350,-81.75,1
1,45870,5,5.0249,4.9704,-84.93,1
1,45933,1,10.1577,10.2480,-86.95,1
1,45939,2,11.2837,11.4957,-76.92,1
1,45946,3,9.5571,9.7615,-72.92,1
1,45952,4,1.9189,1.7756,-80.30,1
1,45958,5,5.0530,4.9886,-84.92,1
1,46011,1,10.1201,10.2198,-86.60,1
1,46017,2,11.1852,11.4272,-76.43,1
1,46024,3,9.4398,9.6905,-76.15,1
1,46030,4,1.9987,1.8248,-79.78,1
1,46036,5,5.1703,5.0287,-86.70,1
1,46088,1,10.3360,10.2455,-85.85,1
1,46094,2,11.1805,11.3727,-80.27,1
1,46101,3,9.4351,9.6341,-72.26,1
1,46107,4,2.0175,1.8673,-80.42,1
1,46113,5,4.6120,4.9367,-88.03,1
1,46166,1,10.3078,10.2592,-85.01,1
1,46172,2,11.0491,11.3013,-80.18,1
1,46178,3,9.3507,9.5716,-72.42,1
1,46185,4,2.0691,1.9119,-76.41,1
1,46191,5,4.7856,4.9034,-88.07,1
1,46254,1,10.2984,10.2679,-85.40,1
1,46261,2,10.9130,11.2156,-81.28,1
1,46267,3,9.2381,9.4980,-73.11,1
1,46273,4,2.1817,1.9714,-80.12,1
1,46279,5,4.8184,4.8846,-87.85,1
1,46332,1,10.2890,10.2725,-84.46,1
1,46338,2,10.8755,11.1406,-80.81,1
1,46344,3,9.1818,9.4282,-76.15,1
1,46351,4,2.2286,2.0282,-77.05,1
1,46357,5,4.8184,4.8700,-87.95,1
1,46408,1,10.2843,10.2751,-86.35,1
1,46414,2,10.8380,11.0738,-76.97,1
1,46421,3,9.0833,9.3521,-77.32,1
1,46427,4,2.2520,2.0776,-81.12,1
1,47055,1,10.0685,10.2295,-86.77,1
1,47061,2,10.1342,10.8664,-77.35,1
1,47067,3,8.4358,9.1498,-79.93,1
1,47074,4,2.9511,2.2704,-80.97,1
1,47080,5,5.2313,4.9498,-83.79,1
1,47132,1,10.0591,10.1919,-87.45,1
1,47138,2,10.0591,10.6883,-80.94,1
1,47144,3,8.4827,9.0026,-79.88,1
1,47151,4,3.0966,2.4527,-82.94,1
1,47157,5,5.2735,5.0212,-83.92,1
1,47209,1,10.1061,10.1730,-87.06,1
1,47216,2,10.0075,10.5380,-81.21,1
1,47222,3,8.3232,8.8527,-81.21,1
1,47228,4,3.0731,2.5896,-84.20,1
1,47235,5,5.2079,5.0624,-84.68,1
1,47287,1,9.9981,10.1344,-85.89,1
1,47293,2,9.8527,10.3868,-82.50,1
1,47299,3,8.2340,8.7161,-80.80,1
1,47306,4,3.1482,2.7129,-80.47,1
1,47312,5,5.0577,5.0614,-85.48,1
1,47375,1,9.9512,10.0940,-88.24,1
1,47381,2,9.6181,10.2171,-83.51,1
1,47388,3,8.2012,8.6025,-80.15,1
1,47394,4,3.1998,2.8203,-80.39,1
1,47400,5,5.2595,5.1051,-83.97,1
1,47452,1,9.9794,10.0687,-87.03,1
1,47458,2,9.5524,10.0704,-83.56,1
1,47464,3,7.9713,8.4632,-79.93,1
1,47471,4,3.2983,2.9258,-81.67,1
1,47477,5,5.3533,5.1599,-84.21,1
1,47529,1,10.0169,10.0573,-87.68,1
1,47535,2,9.5102,9.9468,-85.37,1
1,47542,3,7.9291,8.3453,-76.01,1
1,47548,4,3.3499,3.0194,-81.91,1
1,47554,5,5.3439,5.2005,-85.53,1
1,47607,1,9.9794,10.0401,-87.01,1
1,47614,2,9.4867,9.8453,-83.55,1
1,47620,3,7.8259,8.2307,-74.38,1
1,47626,4,3.3218,3.0862,-83.10,1
1,47632,5,5.3768,5.2394,-85.19,1
1,47695,1,9.9653,10.0236,-86.87,1
1,47701,2,9.4304,9.7537,-82.01,1
1,47708,3,7.7180,8.1175,-74.52,1
1,47714,4,3.5798,3.1951,-83.26,1
1,47720,5,5.3721,5.2687,-84.05,1
1,47772,1,9.9184,10.0004,-86.60,1
1,47778,2,9.3132,9.6565,-82.41,1
1,47785,3,7.6663,8.0179,-76.19,1
1,47791,4,3.5892,3.2821,-83.95,1
1,47797,5,5.5081,5.3215,-83.80,1
1,47848,1,9.8996,9.9781,-86.60,1
1,47854,2,9.2193,9.5600,-82.38,1
1,47860,3,7.5772,7.9207,-72.84,1
1,47867,4,3.7065,3.3757,-82.50,1
1,47873,5,5.5973,5.3824,-83.99,1
1,47925,1,9.7448,9.9266,-90.12,1
1,47931,2,9.1067,9.4600,-82.40,1
1,47938,3,7.5350,7.8356,-72.84,1
1,47944,4,3.7956,3.4684,-84.20,1
1,47950,5,5.2360,5.3501,-85.35,1
1,48013,1,9.7589,9.8896,-88.41,1
1,48019,2,9.0457,9.3685,-81.00,1
1,48026,3,7.4552,7.7516,-68.28,1
1,48032,4,3.8989,3.5634,-84.59,1
1,48038,5,5.5363,5.3912,-85.60,1
1,48090,1,9.7683,9.8628,-89.97,1
1,48096,2,8.9660,9.2797,-80.72,1
1,48103,3,7.3989,7.6738,-72.59,1
1,48109,4,4.0068,3.6613,-82.91,1
1,48115,5,5.6677,5.4522,-84.35,1
1,48166,1,9.8011,9.8492,-88.12,1
1,48172,2,8.8862,9.1929,-77.51,1
1,48178,3,7.2535,7.5810,-75.83,1
1,48185,4,4.0537,3.7479,-83.99,1
1,48194,5,5.7521,5.5184,-83.18,1
1,48246,1,9.8527,9.8500,-88.82,1
1,48252,2,8.8064,9.1076,-80.29,1
1,48259,3,7.0986,7.4746,-80.66,1
1,48265,4,4.2320,3.8547,-83.75,1
1,48271,5,5.8788,5.5979,-83.40,1
1,48334,1,9.7729,9.8330,-88.03,1
1,48341,2,8.7126,9.0204,-76.62,1
1,48347,3,7.0142,7.3730,-78.08,1
1,48353,4,4.2977,3.9525,-83.23,1
1,48359,5,6.0008,5.6868,-83.24,1
1,48412,1,9.8199,9.8301,-87.52,1
1,48418,2,8.6516,8.9390,-74.22,1
1,48424,3,6.8969,7.2679,-80.21,1
1,48431,4,4.3962,4.0504,-82.07,1
1,48437,5,5.9773,5.7509,-83.18,1
1,48488,1,9.8152,9.8268,-87.52,1
1,48494,2,8.5812,8.8601,-75.40,1
1,48501,3,6.7468,7.1529,-80.94,1
1,48507,4,4.4103,4.1298,-81.38,1
1,48513,5,5.9867,5.8030,-83.76,1
1,48565,1,9.7354,9.8066,-88.28,1
1,48571,2,8.5109,8.7830,-73.43,1
1,48577,3,6.6623,7.0446,-77.47,1
1,48583,4,4.5182,4.2155,-81.15,1
1,48590,5,5.9914,5.8445,-83.84,1
1,48653,1,9.7776,9.8002,-89.49,1
1,48659,2,8.3748,8.6929,-74.22,1
1,48665,3,6.4371,6.9105,-82.18,1
1,48672,4,4.5745,4.2947,-81.36,1
1,48678,5,5.9632,5.8707,-85.69,1
1,48730,1,9.7683,9.7932,-88.91,1
1,48736,2,8.2950,8.6051,-80.48,1
1,48742,3,6.4699,6.8133,-81.75,1
1,48749,4,4.6308,4.3689,-81.52,1
1,48755,5,6.0711,5.9150,-85.89,1
1,48806,1,9.7260,9.7784,-88.33,1
1,48812,2,8.2481,8.5263,-76.72,1
1,48819,3,6.4840,6.7406,-80.70,1
1,48825,4,4.6683,4.4350,-81.39,1
1,48831,5,6.0852,5.9525,-84.08,1
1,48896,1,9.7495,9.7720,-90.54,1
1,48902,2,8.1496,8.4432,-73.48,1
1,48909,3,6.4371,6.6736,-80.44,1
1,48915,4,4.7481,4.5041,-81.83,1
1,48921,5,6.1978,6.0067,-84.20,1
1,48973,1,9.7636,9.7701,-90.04,1
1,48979,2,8.0698,8.3608,-80.01,1
1,48985,3,6.3151,6.5945,-78.40,1
1,48992,4,4.8419,4.5786,-81.91,1
1,48998,5,6.2494,6.0602,-84.68,1
1,49049,1,9.7589,9.7676,-87.11,1
1,49055,2,7.9432,8.2686,-76.94,1
1,49061,3,6.2400,6.5163,-77.68,1
1,49068,4,4.9217,4.6543,-81.44,1
1,49074,5,6.3620,6.1269,-83.16,1
1,49126,1,9.8105,9.7771,-87.45,1
1,49132,2,7.8728,8.1813,-81.00,1
1,49139,3,6.2354,6.4543,-76.09,1
1,49145,4,5.0249,4.7361,-79.53,1
1,49154,5,6.6201,6.2357,-83.11,1
1,49207,1,9.7823,9.7782,-87.31,1
1,49213,2,7.7602,8.0883,-81.13,1
1,49220,3,6.1462,6.3863,-73.90,1
1,49226,4,5.1375,4.8247,-81.59,1
1,49232,5,6.1087,6.2077,-83.34,1
1,49296,1,9.7120,9.7636,-88.16,1
1,49303,2,7.6147,7.9838,-81.91,1
1,49309,3,6.1791,6.3406,-71.55,1
1,49315,4,5.2407,4.9165,-81.22,1
1,49321,5,6.4559,6.2624,-85.41,1
1,49374,1,9.7683,9.7646,-87.27,1
1,49380,2,7.5631,7.8910,-81.67,1
1,49386,3,6.0101,6.2676,-73.69,1
1,49393,4,5.3158,5.0046,-81.45,1
1,49399,5,6.7421,6.3683,-82.64,1
1,49450,1,9.7401,9.7592,-87.77,1
1,49456,2,7.4881,7.8020,-80.94,1
1,49463,3,5.8506,6.1756,-80.86,1
1,49469,4,5.4096,5.0940,-82.07,1
1,49475,5,6.8171,6.4674,-81.59,1
1,49527,1,9.7213,9.7509,-87.03,1
1,49533,2,7.3942,7.7120,-78.46,1
1,49540,3,5.8272,6.0987,-80.71,1
1,49546,4,5.4800,5.1792,-82.23,1
1,49552,5,6.6482,6.5073,-82.09,1
1,49615,1,9.7073,9.7412,-88.03,1
1,49622,2,7.2675,7.6139,-80.72,1
1,49628,3,5.7474,6.0212,-77.03,1
1,49634,4,5.5644,5.2642,-82.64,1
1,49641,5,6.8171,6.5757,-82.28,1
1,49693,1,9.7823,9.7503,-86.04,1
1,49699,2,7.1972,7.5220,-80.40,1
1,49705,3,5.6583,5.9411,-77.63,1
1,49712,4,5.6160,5.3419,-83.06,1
1,49718,5,6.9673,6.6621,-83.18,1
1,49769,1,9.7589,9.7522,-86.87,1
1,49776,2,7.1972,7.4503,-76.33,1
1,49782,3,5.5269,5.8497,-81.40,1
1,49788,4,5.7005,5.4210,-83.80,1
1,49794,5,7.1502,6.7698,-83.02,1
1,49847,1,9.7495,9.7516,-88.36,1
1,49853,2,7.0986,7.3727,-75.37,1
1,49859,3,5.3768,5.7453,-82.67,1
1,49866,4,5.7990,5.5044,-82.68,1
1,49872,5,6.8359,6.7844,-82.88,1
1,49935,1,9.7073,9.7418,-89.37,1
1,49941,2,7.0846,7.3091,-72.68,1
1,49947,3,5.3674,5.6619,-81.24,1
1,49954,4,5.9257,5.5974,-82.40,1
1,49960,5,6.8265,6.7937,-84.84,1
1,50012,1,9.7917,9.7528,-88.33,1
1,50018,2,6.9673,7.2337,-72.48,1
1,50025,3,5.3580,5.5948,-77.21,1
1,50031,4,6.0008,5.6864,-82.86,1
1,50037,5,6.9720,6.8330,-84.22,1
1,50088,1,9.8011,9.7635,-87.27,1
1,50094,2,6.8406,7.1469,-75.66,1
1,50101,3,5.3486,5.5405,-75.68,1
1,50107,4,6.1040,5.7786,-82.09,1
1,50113,5,6.9860,6.8668,-83.43,1
1,50165,1,9.7823,9.7676,-87.85,1
1,50171,2,6.7608,7.0617,-76.52,1
1,50177,3,5.3064,5.4888,-72.84,1
1,50183,4,6.1744,5.8659,-82.46,1
1,50190,5,7.4974,7.0060,-82.75,1
1,50253,1,9.8292,9.7812,-87.36,1
1,50260,2,6.6107,6.9622,-76.62,1
1,50266,3,5.1469,5.4134,-73.69,1
1,50272,4,6.3010,5.9620,-82.08,1
1,50278,5,7.3708,7.0865,-83.00,1
1,50331,1,9.7120,9.7659,-88.74,1
1,50337,2,6.5309,6.8670,-80.54,1
1,50343,3,5.0436,5.3318,-76.07,1
1,50350,4,6.3667,6.0513,-82.67,1
1,50356,5,7.7696,7.2372,-83.31,1
1,50407,1,9.8199,9.7778,-87.31,1
1,50413,2,6.3996,6.7638,-81.54,1
1,50419,3,5.0155,5.2620,-75.83,1
1,50426,4,6.4183,6.1323,-83.31,1
1,50432,5,7.7649,7.3537,-82.76,1
1,50485,1,9.8058,9.7840,-86.84,1
1,50491,2,6.2917,6.6596,-80.97,1
1,50498,3,4.8419,5.1693,-79.86,1
1,50504,4,6.5075,6.2151,-83.26,1
1,50510,5,8.0323,7.5035,-83.63,1
1,50573,1,9.7213,9.7702,-87.47,1
1,50579,2,6.1931,6.5567,-80.44,1
1,50586,3,4.6167,5.0473,-81.47,1
1,50592,4,6.5919,6.2983,-83.29,1
1,50598,5,7.2441,7.4462,-83.64,1
1,50651,1,9.7495,9.7656,-87.01,1
1,50657,2,6.1697,6.4713,-76.24,1
1,50663,3,4.5745,4.9430,-81.10,1
1,50670,4,6.6529,6.3765,-85.41,1
1,50676,5,7.2910,7.4120,-82.96,1
1,50727,1,9.8011,9.7734,-85.77,1
1,50733,2,6.0524,6.3788,-76.27,1
1,50740,3,4.5557,4.8575,-78.53,1
1,50746,4,6.7796,6.4655,-84.08,1
1,50752,5,7.3567,7.3998,-82.78,1
1,50805,1,9.8011,9.7795,-86.52,1
1,50811,2,6.0195,6.2995,-76.49,1
1,50818,3,4.5510,4.7899,-80.34,1
1,50824,4,6.8359,6.5472,-85.41,1
1,50830,5,7.6382,7.4524,-82.97,1
1,50893,1,9.8199,9.7884,-85.41,1
1,50899,2,5.9726,6.2274,-72.40,1
1,50906,3,4.4196,4.7081,-80.33,1
1,50912,4,6.9485,6.6358,-85.35,1
1,50918,5,7.9666,7.5659,-82.82,1
1,50971,1,9.8762,9.8078,-85.69,1
1,50977,2,5.9116,6.1577,-72.10,1
1,50983,3,4.3540,4.6300,-77.02,1
1,50990,4,7.0048,6.7172,-85.51,1
1,50996,5,8.0792,7.6792,-82.49,1
1,51047,1,9.9418,9.8374,-84.22,1
1,51054,2,5.7803,6.0744,-75.83,1
1,51060,3,4.3540,4.5691,-75.60,1
1,51066,4,7.1409,6.8107,-83.51,1
1,51072,5,8.2247,7.7996,-81.61,1
1,51125,1,9.9231,9.8563,-84.40,1
1,51131,2,5.6770,5.9867,-76.08,1
1,51138,3,4.2414,4.4967,-75.83,1
1,51147,4,7.2347,6.9043,-83.00,1
1,51154,5,8.6188,7.9804,-81.02,1
1,51207,1,9.9184,9.8700,-85.69,1
1,51214,2,5.5738,5.8956,-76.50,1
1,51220,3,4.0255,4.3927,-79.67,1
1,51226,4,7.3238,6.9969,-83.21,1
1,51232,5,8.0651,7.9991,-82.90,1
1,51296,1,9.9512,9.8879,-86.12,1
1,51302,2,5.4612,5.7997,-77.67,1
1,51308,3,3.9082,4.2858,-79.56,1
1,51315,4,7.4318,7.0929,-82.58,1
1,51321,5,8.1637,8.0354,-82.74,1
1,51374,1,9.9700,9.9060,-86.28,1
1,51380,2,5.3861,5.7084,-80.64,1
1,51386,3,3.9223,4.2056,-80.04,1
1,51393,4,7.5303,7.1894,-82.54,1
1,51399,5,8.2716,8.0875,-84.26,1
1,51450,1,10.0451,9.9367,-85.90,1
1,51456,2,5.3111,5.6207,-79.48,1
1,51463,3,3.8660,4.1307,-76.49,1
1,51469,4,7.5678,7.2729,-82.94,1
1,51476,5,8.2763,8.1292,-83.83,1
1,51528,1,9.9888,9.9482,-87.68,1
1,51534,2,5.2266,5.5338,-79.72,1
1,51540,3,3.8426,4.0671,-76.66,1
1,51547,4,7.6851,7.3639,-83.51,1
1,51553,5,8.3560,8.1792,-84.00,1
1,51605,1,9.9700,9.9530,-87.39,1
1,51611,2,5.1562,5.4504,-76.35,1
1,51618,3,3.7863,4.0051,-79.93,1
1,51624,4,7.6523,7.4275,-84.61,1
1,51630,5,8.7971,8.3156,-82.90,1
1,51695,1,10.1154,9.9889,-83.76,1
1,51701,2,5.1469,5.3834,-75.59,1
1,51708,3,3.6783,3.9330,-76.66,1
1,51714,4,7.7696,7.5030,-85.59,1
1,51720,5,8.7220,8.4053,-82.76,1
1,51772,1,9.9981,9.9909,-86.01,1
1,51778,2,5.0249,5.3043,-76.72,1
1,51785,3,3.6455,3.8695,-80.24,1
1,51791,4,7.8634,7.5825,-86.52,1
1,51797,5,8.4968,8.4255,-84.27,1
1,51848,1,10.1014,10.0153,-84.42,1
1,51854,2,4.9592,5.2281,-79.70,1
1,51861,3,3.5892,3.8077,-76.27,1
1,51867,4,7.9478,7.6632,-88.24,1
1,51873,5,8.5202,8.4464,-85.73,1
1,51926,1,10.0545,10.0239,-85.65,1
1,51932,2,4.8888,5.1533,-75.47,1
1,51938,3,3.4860,3.7367,-80.42,1
1,51945,4,7.9901,7.7353,-88.58,1
1,51951,5,8.6422,8.4896,-84.84,1
1,52014,1,10.0357,10.0265,-87.03,1
1,52020,2,4.7481,5.0638,-76.64,1
1,52027,3,3.3828,3.6586,-80.56,1
1,52597,5,9.1771,8.6413,-83.43,1
1,52652,1,10.6456,10.1632,-86.85,1
1,52658,2,4.0818,4.8471,-79.94,1
1,52665,3,2.8948,3.4900,-76.16,1
1,52671,4,8.8205,7.9748,-89.88,1
1,52677,5,9.2897,8.7844,-83.14,1
1,52729,1,10.7629,10.2955,-86.85,1
1,52735,2,4.0302,4.6668,-81.15,1
1,52742,3,2.8198,3.3421,-80.58,1
1,52748,4,8.9331,8.1863,-90.86,1
1,52754,5,9.3976,8.9198,-82.16,1
1,52806,1,10.8286,10.4132,-87.61,1
1,52812,2,3.9833,4.5160,-80.33,1
1,52819,3,2.7588,3.2133,-80.50,1
1,52825,4,8.9894,8.3636,-89.11,1
1,52831,5,9.4961,9.0470,-81.83,1
1,52895,1,10.8896,10.5183,-87.53,1
1,52902,2,3.9645,4.3943,-79.63,1
1,52908,3,2.7400,3.1089,-75.40,1
1,53477,5,9.9700,9.2507,-81.75,1
1,53532,1,11.1148,10.6499,-86.95,1
1,53538,2,3.3593,4.1659,-79.90,1
1,53545,3,2.4679,2.9674,-69.27,1
1,53551,4,9.6228,8.6415,-82.25,1
1,53557,5,9.9747,9.4105,-82.36,1
1,53610,1,11.0350,10.7349,-87.45,1
1,53616,2,3.1998,3.9527,-80.02,1
1,53623,3,2.4163,2.8458,-71.79,1
1,53629,4,9.8058,8.8984,-81.58,1
1,53635,5,10.0216,9.5453,-83.24,1
1,53686,1,10.7066,10.7287,-87.28,1
1,53692,2,3.2092,3.7886,-80.07,1
1,53699,3,2.4069,2.7489,-68.01,1
1,53705,4,9.7166,9.0790,-83.27,1
1,53711,5,10.1108,9.6701,-83.75,1
1,53776,1,10.6456,10.7103,-87.93,1
1,53782,2,3.1622,3.6503,-79.32,1
1,53788,3,2.4116,2.6745,-71.39,1
1,53795,4,9.8246,9.2435,-82.39,1
1,53801,5,10.1201,9.7694,-85.01,1
1,53853,1,10.6972,10.7075,-85.93,1
1,53859,2,3.0684,3.5219,-79.39,1
1,53865,3,2.4163,2.6175,-67.17,1
1,53872,4,9.8762,9.3832,-81.37,1
1,53878,5,10.1905,9.8624,-85.65,1
1,53929,1,10.6644,10.6979,-88.24,1
1,53935,2,3.0121,3.4094,-79.14,1
1,53942,3,2.3881,2.5669,-72.26,1
1,53948,4,9.9043,9.4982,-75.45,1
1,53954,5,10.1530,9.9265,-86.04,1
1,54006,1,10.7394,10.7071,-87.52,1
1,54012,2,2.9605,3.3103,-74.46,1
1,54018,3,2.3881,2.5274,-72.02,1
1,54025,4,10.0404,9.6178,-76.27,1
1,54031,5,10.8990,10.1411,-84.92,1
1,54094,1,10.7676,10.7205,-87.36,1
1,54100,2,2.8854,3.2166,-74.68,1
1,54107,3,2.4116,2.5018,-74.78,1
1,54113,4,10.0779,9.7194,-77.24,1
1,54119,5,11.0303,10.3374,-84.14,1
1,54173,1,10.7488,10.7267,-89.07,1
1,54179,2,2.8338,3.1321,-71.39,1
1,54185,3,2.4538,2.4912,-68.69,1
1,54192,4,10.1483,9.8140,-80.80,1
1,54198,5,11.0538,10.4955,-84.22,1
1,54812,2,2.4303,2.9772,-70.76,1
1,54819,3,2.5711,2.5089,-82.70,1
1,54825,4,10.5612,9.9789,-83.75,1
1,54831,5,10.6503,10.5296,-83.72,1
1,54886,1,10.6597,10.7119,-90.96,1
1,54892,2,2.3459,2.8379,-71.10,1
1,54898,3,2.8198,2.5775,-81.35,1
1,54905,4,10.6972,10.1374,-82.00,1
1,54911,5,10.6503,10.5563,-83.72,1
1,55538,2,2.1488,2.6858,-66.26,1
1,55545,3,3.1810,2.7107,-81.67,1
1,55551,4,10.7817,10.2796,-82.76,1
1,55557,5,10.5142,10.5470,-89.71,1
1,55612,1,10.2797,10.6165,-88.99,1
1,55618,2,2.2098,2.5808,-67.27,1
1,55624,3,3.2139,2.8217,-80.30,1
1,55631,4,10.7582,10.3852,-82.94,1
1,55637,5,10.6644,10.5729,-88.74,1
1,55689,1,10.1811,10.5204,-88.66,1
1,55695,2,2.1629,2.4885,-75.41,1
1,55701,3,3.2420,2.9145,-80.64,1
1,55708,4,10.6925,10.4531,-82.68,1
1,55714,5,10.3406,10.5216,-87.85,1
1,55765,1,10.0451,10.4155,-90.04,1
1,55771,2,2.2520,2.4363,-70.82,1
1,55778,3,3.3734,3.0158,-72.08,1
1,55784,4,10.8239,10.5349,-84.48,1
1,55790,5,10.4298,10.5014,-87.11,1
1,55854,1,9.9559,10.3141,-89.45,1
1,55860,2,2.2990,2.4060,-72.03,1
1,55867,3,3.4625,3.1144,-71.27,1
1,55873,4,10.8286,10.5997,-83.86,1
1,55879,5,10.3406,10.4659,-86.44,1
1,55932,1,9.9278,10.2288,-88.28,1
1,55938,2,2.3975,2.4041,-72.02,1
1,55944,3,3.5704,3.2150,-71.63,1
1,55951,4,10.8051,10.6451,-81.99,1
1,55957,5,10.1952,10.4062,-87.39,1
1,56008,1,9.8199,10.1386,-87.43,1
1,56014,2,2.4632,2.4172,-76.08,1
1,56020,3,3.6220,3.3048,-71.79,1
1,56027,4,10.7911,10.6773,-82.09,1
1,56033,5,10.2327,10.3679,-85.00,1
1,56086,1,9.7260,10.0475,-86.60,1
1,56092,2,2.4022,2.4139,-81.43,1
1,56098,3,3.6690,3.3852,-79.45,1
1,56105,4,10.7301,10.6889,-83.05,1
1,56111,5,10.1952,10.3298,-84.84,1
1,56174,1,9.7073,9.9724,-86.36,1
1,56180,2,2.5523,2.4444,-80.70,1
1,56187,3,3.5282,3.4168,-80.26,1
1,56193,4,10.5377,10.6556,-82.76,1
1,56199,5,10.0122,10.2597,-84.45,1
1,56251,1,9.6134,9.8932,-85.17,1
1,56257,2,2.3600,2.4258,-81.83,1
1,56264,3,3.7112,3.4817,-77.87,1
1,56270,4,10.4533,10.6109,-78.18,1
1,56276,5,9.9137,10.1833,-85.53,1
1,56416,1,9.5196,9.8107,-85.08,1
1,56423,2,2.5945,2.4630,-79.81,1
1,56429,3,3.8989,3.5738,-80.81,1
1,56435,4,10.6128,10.6113,-80.10,1
1,56441,5,9.8386,10.1073,-84.48,1
1,56493,1,9.4211,9.7247,-85.29,1
1,56499,2,2.6321,2.5003,-76.84,1
1,56505,3,4.0115,3.6704,-79.87,1
1,56512,4,10.6738,10.6251,-80.12,1
1,56518,5,9.7776,10.0345,-84.37,1
1,56570,1,9.3601,9.6443,-85.65,1
1,56576,2,2.7259,2.5501,-80.02,1
1,56583,3,4.1663,3.7798,-79.66,1
1,56589,4,10.6831,10.6379,-76.78,1
1,56595,5,9.7542,9.9726,-84.34,1
1,56646,1,9.3038,9.5691,-86.30,1
1,56652,2,2.7071,2.5848,-81.58,1
1,56659,3,4.2977,3.8941,-80.51,1
1,56665,4,10.5002,10.6075,-76.26,1
1,56671,5,9.6791,9.9079,-84.08,1
1,56735,1,9.3319,9.5168,-84.30,1
1,56741,2,2.8714,2.6480,-80.10,1
1,56748,3,4.2554,3.9739,-81.99,1
1,56754,4,10.3500,10.5507,-76.64,1
1,56760,5,9.6416,9.8491,-83.97,1
1,56813,1,9.2522,9.4584,-83.79,1
1,56819,2,2.8338,2.6890,-81.14,1
1,56825,3,4.3586,4.0588,-81.59,1
1,56832,4,10.3876,10.5147,-77.08,1
1,56838,5,9.6087,9.7960,-84.08,1
1,56889,1,9.1536,9.3911,-85.89,1
1,56895,2,2.8151,2.7168,-83.48,1
1,56902,3,4.4525,4.1457,-81.83,1
1,56908,4,10.3688,10.4825,-80.31,1
1,56914,5,9.5853,9.7495,-83.14,1
1,56967,1,9.0551,9.3170,-86.20,1
1,56973,2,3.3171,2.8493,-77.26,1
1,56979,3,4.5885,4.2434,-80.66,1
1,56985,4,10.3782,10.4595,-80.39,1
1,56992,5,9.5243,9.6998,-83.64,1
1,57055,1,8.8768,9.2198,-86.09,1
1,57061,2,3.2467,2.9370,-77.67,1
1,57067,3,4.5885,4.3196,-83.34,1
1,57074,4,10.4298,10.4529,-80.36,1
1,57080,5,9.4070,9.6352,-85.16,1
1,57132,1,8.8111,9.1296,-86.36,1
1,57138,2,2.8573,2.9194,-81.21,1
1,57145,3,4.6542,4.3934,-80.79,1
1,57154,4,10.3688,10.4344,-75.47,1
1,57161,5,9.3132,9.5641,-83.89,1
1,57213,1,8.7501,9.0459,-85.95,1
1,57219,2,2.9464,2.9254,-83.05,1
1,57225,3,4.7293,4.4676,-82.46,1
1,57232,4,10.3641,10.4189,-80.79,1
1,57238,5,9.2897,9.5036,-83.99,1
1,57289,1,8.7501,8.9806,-84.00,1
1,57295,2,3.2561,2.9984,-84.05,1
1,57301,3,4.8560,4.5533,-81.43,1
1,57308,4,10.1905,10.3685,-80.99,1
1,57314,5,9.1818,9.4325,-84.45,1
1,57366,1,8.7830,8.9370,-83.59,1
1,57372,2,3.7346,3.1609,-81.60,1
1,57378,3,5.0624,4.6656,-82.09,1
1,57385,4,10.0920,10.3074,-81.67,1
1,57391,5,9.0833,9.3555,-85.00,1
1,57454,1,8.6422,8.8719,-83.71,1
1,57461,2,3.9505,3.3351,-82.19,1
1,57467,3,4.8747,4.7118,-82.74,1
1,57473,4,10.0779,10.2568,-82.09,1
1,57480,5,9.0082,9.2788,-83.67,1
1,57532,1,8.4593,8.7809,-85.48,1
1,57538,2,3.3499,3.3384,-83.63,1
1,57544,3,4.8654,4.7457,-84.60,1
1,57551,4,10.1530,10.2339,-83.71,1
1,57557,5,9.0035,9.2181,-83.47,1
1,57608,1,8.3607,8.6881,-84.68,1
1,57614,2,3.8097,3.4424,-81.67,1
1,57621,3,5.1281,4.8301,-83.11,1
1,57627,4,10.1201,10.2088,-82.38,1
1,57633,5,8.9097,9.1500,-82.97,1
1,57686,1,8.2153,8.5838,-85.33,1
1,57692,2,3.8191,3.5255,-81.43,1
1,57698,3,5.1797,4.9072,-81.76,1
1,57705,4,10.0591,10.1757,-82.25,1
1,57711,5,8.8956,9.0938,-82.78,1
1,57774,1,8.1261,8.4828,-84.61,1
1,57780,2,3.8519,3.5976,-81.25,1
1,57786,3,5.2829,4.9902,-80.94,1
1,57793,4,10.2609,10.1945,-82.38,1
1,57799,5,8.7783,9.0242,-82.90,1
1,57852,1,8.1074,8.3999,-85.48,1
1,57858,2,3.8660,3.6568,-80.46,1
1,57865,3,5.3674,5.0734,-81.66,1
1,57871,4,9.8809,10.1253,-83.47,1
1,57877,5,8.7173,8.9565,-83.24,1
1,57929,1,7.9854,8.3084,-84.45,1
1,57936,2,3.7300,3.6730,-80.12,1
1,57942,3,5.5081,5.1693,-81.76,1
1,57948,4,9.9700,10.0910,-83.84,1
1,57954,5,8.6798,8.8954,-83.00,1
1,58007,1,7.8493,8.2071,-85.09,1
1,58013,2,3.6737,3.6731,-80.23,1
1,58020,3,5.6817,5.2824,-81.91,1
1,58026,4,10.0028,10.0716,-85.29,1
1,58032,5,8.6282,8.8364,-82.58,1
1,58095,1,7.7649,8.1095,-87.31,1
1,58101,2,3.8707,3.7167,-82.49,1
1,58108,3,5.7615,5.3882,-82.86,1
1,58114,4,10.0263,10.0616,-84.60,1
1,58120,5,8.4968,8.7615,-82.78,1
1,58172,1,7.6570,8.0096,-85.37,1
1,58178,2,4.0396,3.7880,-80.75,1
1,58184,3,5.8178,5.4830,-83.72,1
1,58191,4,10.0310,10.0548,-84.52,1
1,58197,5,8.4405,8.6906,-81.83,1
1,58249,1,7.5772,7.9142,-84.14,1
1,58256,2,4.1851,3.8756,-76.86,1
1,58262,3,5.8366,5.5610,-81.19,1
1,58268,4,9.9512,10.0320,-85.23,1
1,58274,5,8.3842,8.6230,-81.67,1
1,58327,1,7.4927,7.8212,-83.89,1
1,58333,2,4.1428,3.9346,-79.72,1
1,58339,3,5.9116,5.6384,-81.30,1
1,58346,4,9.8433,9.9903,-85.81,1
1,58352,5,8.3138,8.5548,-81.76,1
1,58415,1,7.4458,7.7383,-83.24,1
1,58421,2,4.1897,3.9909,-76.08,1
1,58428,3,6.1978,5.7619,-82.18,1
1,58434,4,9.8011,9.9486,-85.98,1
1,58440,5,8.2294,8.4829,-82.42,1
1,58493,1,7.3426,7.6510,-84.10,1
1,58499,2,4.1897,4.0348,-80.66,1
1,58505,3,6.7796,5.9865,-82.07,1
1,58512,4,9.7542,9.9057,-85.37,1
1,58518,5,8.1308,8.4052,-82.67,1
1,58569,1,7.3708,7.5892,-82.89,1
1,58575,2,4.3070,4.0949,-81.14,1
1,58582,3,5.9398,5.9762,-84.21,1
1,58588,4,9.7870,9.8795,-85.61,1
1,58595,5,8.0558,8.3281,-81.75,1
1,58647,1,7.2863,7.5223,-82.96,1
1,58653,2,4.5698,4.1997,-80.60,1
1,58659,3,6.2635,6.0396,-82.18,1
1,58666,4,9.7823,9.8580,-85.21,1
1,58672,5,7.9525,8.2452,-81.69,1
1,58735,1,7.1315,7.4361,-83.37,1
1,58741,2,4.6448,4.2979,-77.63,1
1,58747,3,6.2260,6.0807,-81.92,1
1,58754,4,9.8292,9.8517,-84.05,1
1,58760,5,7.8915,8.1672,-81.21,1
1,58812,1,7.0423,7.3492,-83.83,1
1,58818,2,4.5182,4.3465,-80.82,1
1,58824,3,6.3433,6.1387,-80.92,1
1,58831,4,9.7026,9.8188,-85.35,1
1,58837,5,7.8071,8.0877,-81.43,1
1,58888,1,6.9954,7.2711,-83.18,1
1,58894,2,4.6636,4.4165,-81.21,1
1,58901,3,6.4793,6.2138,-80.72,1
1,58907,4,9.6838,9.7890,-85.53,1
1,58913,5,7.7883,8.0216,-81.44,1
1,58966,1,6.9063,7.1906,-83.68,1
1,58972,2,4.7668,4.4938,-80.96,1
1,58978,3,6.5216,6.2818,-80.81,1
1,58985,4,9.5853,9.7440,-86.14,1
1,58991,5,7.6945,7.9494,-81.36,1
1,59054,1,6.7749,7.0988,-84.10,1
1,59060,2,4.9217,4.5882,-80.64,1
1,59067,3,6.5544,6.3419,-82.47,1
1,59073,4,9.5524,9.7017,-86.44,1
1,59079,5,7.6335,7.8797,-81.36,1
1,59132,1,6.6951,7.0098,-83.35,1
1,59138,2,5.0061,4.6805,-80.46,1
1,59145,3,6.8406,6.4520,-81.41,1
1,59153,4,9.7120,9.7040,-84.54,1
1,59159,5,7.5819,7.8140,-81.32,1
1,59212,1,6.6482,6.9300,-81.99,1
1,59218,2,5.1797,4.7906,-77.19,1
1,59224,3,6.9438,6.5605,-81.14,1
1,59231,4,9.6557,9.6933,-84.84,1
1,59237,5,7.4787,7.7400,-81.52,1
1,59288,1,6.5685,6.8502,-82.07,1
1,59294,2,5.3017,4.9034,-76.34,1
1,59301,3,7.0142,6.6606,-80.75,1
1,59307,4,9.6557,9.6850,-84.40,1
1,59313,5,7.4036,7.6657,-81.13,1
1,59366,1,6.4699,6.7663,-82.31,1
1,59372,2,5.3064,4.9924,-80.28,1
1,59378,3,7.1315,6.7646,-80.74,1
1,59385,4,9.5806,9.6620,-83.99,1
1,59391,5,7.3379,7.5934,-81.29,1
1,59455,1,6.3620,6.6771,-82.47,1
1,59461,2,5.2454,5.0482,-81.33,1
1,59467,3,7.3567,6.8952,-81.99,1
1,59474,4,9.5900,9.6461,-84.61,1
1,59480,5,7.2722,7.5225,-81.75,1
1,59532,1,6.2823,6.5899,-81.83,1
1,59538,2,5.2782,5.0990,-81.69,1
1,59544,3,7.3895,7.0043,-85.21,1
1,59551,4,9.5384,9.6223,-85.53,1
1,59557,5,7.2065,7.4528,-82.00,1
1,59608,1,6.1884,6.5013,-82.39,1
1,59614,2,5.3674,5.1582,-82.24,1
1,59621,3,7.8024,7.1805,-84.21,1
1,59627,4,9.4821,9.5913,-85.81,1
1,59633,5,7.1456,7.3850,-81.28,1
1,59696,1,6.1040,6.4136,-81.51,1
1,59702,2,5.5269,5.2396,-81.76,1
1,59708,3,7.0142,7.1438,-84.51,1
1,59715,4,9.5337,9.5786,-86.35,1
1,59721,5,7.0376,7.3083,-81.37,1
1,59772,1,6.0524,6.3339,-78.55,1
1,59778,2,5.6864,5.3382,-81.28,1
1,59785,3,6.9250,7.0955,-83.75,1
1,59791,4,9.5243,9.5666,-85.69,1
1,59797,5,6.9204,7.2227,-82.07,1
1,59849,1,5.9069,6.2397,-81.83,1
1,59855,2,5.8882,5.4596,-80.39,1
1,59861,3,7.1174,7.1003,-85.51,1
1,59868,4,9.4445,9.5397,-85.98,1
1,59874,5,6.8453,7.1394,-81.47,1
1,59926,1,5.8694,6.1580,-81.03,1
1,59932,2,6.0289,5.5852,-76.86,1
1,59939,3,7.4036,7.1673,-83.32,1
1,59945,4,9.4070,9.5104,-85.40,1
1,59951,5,6.7890,7.0621,-81.14,1
1,60015,1,5.8037,6.0798,-81.15,1
1,60021,2,6.1228,5.7039,-80.41,1
1,60027,3,7.5303,7.2474,-83.71,1
1,60034,4,9.3460,9.4741,-85.45,1
1,60040,5,6.7186,6.9863,-81.52,1
1,60092,1,5.6817,5.9919,-81.91,1
1,60098,2,6.1087,5.7932,-80.33,1
1,60104,3,7.6335,7.3326,-82.33,1
1,60111,4,9.2662,9.4282,-85.69,1
1,60117,5,6.6670,6.9158,-81.26,1
1,60172,1,5.6160,5.9090,-81.83,1
1,60179,2,6.5028,5.9498,-77.59,1
1,60185,3,7.6851,7.4104,-82.08,1
1,60191,4,9.3132,9.4028,-85.69,1
1,60197,5,6.6107,6.8485,-82.32,1
1,60250,1,5.5175,5.8226,-81.99,1
1,60256,2,6.2400,6.0139,-80.81,1
1,60263,3,7.7743,7.4907,-82.54,1
1,60269,4,9.3695,9.3955,-85.33,1
1,60275,5,6.5591,6.7846,-81.83,1
1,60327,1,5.4284,5.7356,-78.84,1
1,60333,2,6.3104,6.0793,-81.07,1
1,60340,3,7.8869,7.5781,-82.70,1
1,60346,4,9.3225,9.3794,-85.65,1
1,60352,5,6.4512,6.7110,-81.59,1
1,60416,1,5.3627,5.6533,-77.91,1
1,60423,2,6.2823,6.1241,-83.26,1
1,60429,3,8.0511,7.6825,-82.89,1
1,60435,4,9.3272,9.3679,-86.93,1
1,60441,5,6.3761,6.6371,-81.99,1
1,60493,1,5.2595,5.5664,-80.75,1
1,60499,2,6.4981,6.2066,-83.72,1
1,60506,3,8.1074,7.7763,-83.38,1
1,60512,4,9.3038,9.3537,-86.93,1
1,60518,5,6.3339,6.5702,-81.61,1
1,60569,1,5.2219,5.4904,-80.50,1
1,60575,2,6.6764,6.3103,-81.43,1
1,60582,3,8.1543,7.8597,-85.48,1
1,60588,4,9.3132,9.3448,-86.95,1
1,60594,5,6.2682,6.5035,-82.24,1
1,60647,1,5.1093,5.4063,-77.51,1
1,60653,2,6.7702,6.4118,-81.55,1
1,60660,3,8.3373,7.9651,-85.09,1
1,60666,4,9.2287,9.3191,-86.98,1
1,60672,5,6.2025,6.4371,-81.44,1
1,60736,1,5.0343,5.3242,-77.13,1
1,60742,2,6.8922,6.5178,-80.31,1
1,60749,3,8.5249,8.0886,-83.67,1
1,60755,4,9.1536,9.2826,-87.11,1
1,60761,5,6.1368,6.3708,-81.38,1
1,60813,1,5.0061,5.2540,-77.47,1
1,60819,2,6.9813,6.6201,-80.74,1
1,60825,3,8.5390,8.1880,-82.94,1
1,60832,4,9.1677,9.2573,-88.03,1
1,60838,5,6.0430,6.2985,-81.75,1
1,60889,1,4.8794,5.1713,-77.06,1
1,60895,2,7.0752,6.7206,-80.75,1
1,60902,3,8.4780,8.2520,-84.84,1
1,60908,4,9.3554,9.2789,-86.14,1
1,60914,5,5.9867,6.2297,-81.91,1
1,60966,1,4.8091,5.0914,-74.68,1
1,60972,2,7.1502,6.8154,-81.47,1
1,60978,3,8.5719,8.3226,-84.38,1
1,60985,4,9.3929,9.3041,-86.12,1
1,60991,5,5.9116,6.1595,-82.54,1
1,61054,1,4.6495,4.9939,-80.44,1
1,61060,2,7.3098,6.9245,-79.19,1
1,61067,3,8.6845,8.4025,-85.85,1
1,61073,4,9.2850,9.2999,-86.89,1
1,61079,5,5.8178,6.0841,-82.56,1
1,61131,1,4.5979,4.9065,-77.37,1
1,61137,2,7.4505,7.0406,-81.21,1
1,61143,3,8.8017,8.4906,-84.84,1
1,61150,4,9.2381,9.2862,-86.87,1
1,61156,5,5.7849,6.0181,-81.83,1
1,61207,1,4.5088,4.8187,-77.34,1
1,61214,2,7.6007,7.1642,-82.51,1
1,61220,3,8.4546,8.4826,-86.35,1
1,61226,4,9.2615,9.2808,-85.51,1
1,61232,5,5.7099,5.9500,-81.75,1
1,61285,1,4.4337,4.7337,-81.43,1
1,61291,2,7.3661,7.2087,-83.99,1
1,61298,3,8.7173,8.5344,-86.60,1
1,61304,4,9.2662,9.2776,-85.51,1
1,61310,5,5.6630,5.8867,-82.15,1
1,61373,1,4.3399,4.6468,-77.79,1
1,61379,2,7.3708,7.2445,-85.57,1
1,61386,3,8.7783,8.5882,-86.27,1
1,61392,4,9.3225,9.2875,-84.84,1
1,61398,5,5.6160,5.8270,-81.83,1
1,61451,1,4.2507,4.5594,-80.64,1
1,61457,2,7.4599,7.2920,-85.08,1
1,61463,3,9.0551,8.6913,-83.39,1
1,61469,4,9.3413,9.2994,-84.62,1
1,61476,5,5.5926,5.7752,-82.07,1
1,61527,1,4.1757,4.4747,-77.45,1
1,61533,2,7.6147,7.3633,-85.73,1
1,61540,3,9.2193,8.8078,-83.77,1
1,61546,4,9.3601,9.3128,-84.59,1
1,61552,5,5.5504,5.7256,-82.16,1
1,61616,1,4.0631,4.3839,-80.42,1
1,61622,2,7.7414,7.4467,-85.48,1
1,61629,3,9.0223,8.8551,-87.47,1
1,61635,4,9.4445,9.3418,-84.67,1
1,61641,5,5.5269,5.6817,-81.83,1
1,61694,1,3.9880,4.2965,-80.53,1
1,61700,2,7.7789,7.5200,-85.98,1
1,61707,3,9.2850,8.9500,-84.62,1
1,61713,4,9.4445,9.3645,-85.81,1
1,61719,5,5.4190,5.6238,-82.90,1
1,61770,1,3.8848,4.2056,-80.36,1
1,61776,2,7.8118,7.5844,-87.06,1
1,61783,3,9.4727,9.0654,-83.26,1
1,61789,4,9.3601,9.3635,-85.60,1
1,61795,5,5.3158,5.5558,-82.47,1
1,61848,1,3.8519,4.1276,-80.23,1
1,61854,2,8.0370,7.6843,-85.27,1
1,61861,3,9.5524,9.1729,-82.84,1
1,61867,4,9.3835,9.3679,-85.60,1
1,61873,5,5.2595,5.4904,-83.71,1
1,61936,1,3.7159,4.0367,-77.43,1
1,61942,2,8.1871,7.7953,-84.37,1
1,61948,3,9.6838,9.2856,-83.21,1
1,61955,4,9.3366,9.3610,-85.29,1
1,61961,5,5.2360,5.4342,-84.67,1
1,62013,1,3.6737,3.9566,-80.46,1
1,62019,2,8.2716,7.9004,-83.75,1
1,62026,3,9.6885,9.3745,-83.43,1
1,62032,4,9.3835,9.3660,-86.38,1
1,62038,5,5.2360,5.3905,-83.72,1
1,62089,1,3.6127,3.8807,-77.19,1
1,62095,2,8.3936,8.0092,-83.80,1
1,62102,3,9.7073,9.4480,-84.44,1
1,62108,4,9.4492,9.3844,-83.92,1
1,62114,5,5.2970,5.3699,-83.47,1
1,62167,1,3.5657,3.8112,-77.10,1
1,62174,2,8.4874,8.1148,-82.40,1
1,62180,3,9.7542,9.5155,-85.00,1
1,62186,4,9.4633,9.4018,-84.13,1
1,62192,5,5.2876,5.3517,-83.86,1
1,62256,1,3.4578,3.7332,-80.25,1
1,62262,2,8.6751,8.2384,-82.60,1
1,62269,3,9.9090,9.6024,-82.32,1
1,62275,4,9.4398,9.4102,-85.48,1
1,62281,5,4.9264,5.2578,-85.19,1
1,62334,1,3.3640,3.6517,-80.48,1
1,62340,2,8.7314,8.3472,-82.57,1
1,62346,3,10.0451,9.7001,-81.17,1
1,62353,4,9.4211,9.4126,-85.81,1
1,62359,5,5.2689,5.2603,-86.04,1
1,62410,1,3.2326,3.5592,-80.15,1
1,62416,2,8.8909,8.4672,-82.94,1
1,62423,3,10.1248,9.7938,-81.35,1
1,62429,4,9.5712,9.4476,-84.84,1
1,62435,5,5.6020,5.3357,-85.81,1
1,62487,1,3.1951,3.4789,-76.68,1
1,62493,2,9.1442,8.6166,-84.13,1
1,62499,3,10.2140,9.8865,-82.52,1
1,62505,4,9.6603,9.4945,-84.52,1
1,62512,5,5.3017,5.3282,-87.19,1
1,62575,1,3.0403,3.3821,-80.49,1
1,62581,2,9.3601,8.7807,-85.77,1
1,62588,3,10.2750,9.9723,-84.45,1
1,62594,4,9.4117,9.4763,-85.09,1
1,62600,5,5.2595,5.3130,-85.57,1
1,62653,1,3.0309,3.3046,-75.91,1
1,62659,2,8.8815,8.8029,-85.21,1
1,62666,3,10.3876,10.0639,-84.61,1
1,62672,4,9.6040,9.5045,-84.30,1
1,62678,5,5.1985,5.2877,-84.92,1
1,62729,1,2.9511,3.2266,-80.24,1
1,62735,2,9.2052,8.8917,-86.84,1
1,62742,3,10.4533,10.1498,-85.37,1
1,62748,4,9.6181,9.5295,-85.45,1
1,62754,5,5.2313,5.2753,-84.76,1
1,62806,1,2.7775,3.1275,-77.32,1
1,62812,2,8.8299,8.8781,-87.93,1
1,62818,3,10.4392,10.2137,-86.69,1
1,62825,4,10.1389,9.6640,-84.76,1
1,62831,5,5.2501,5.2697,-83.89,1
1,62894,1,2.6837,3.0295,-80.38,1
1,62910,2,6.6576,8.3880,-89.37,1
1,62916,3,10.4861,10.2738,-86.77,1
1,62923,4,10.2703,9.7978,-82.98,1
1,62929,5,5.2876,5.2737,-83.56,1
1,62970,1,2.6086,2.9366,-80.28,1
1,62976,2,9.3882,8.6088,-89.96,1
1,62982,3,10.5987,10.3455,-86.87,1
1,62988,4,10.3735,9.9249,-84.13,1
1,62994,5,5.3017,5.2799,-83.47,1
1,63046,1,2.5007,2.8404,-77.35,1
1,63052,2,9.6510,8.8388,-87.93,1
1,63059,3,10.5565,10.3921,-88.66,1
1,63065,4,10.2703,10.0011,-83.13,1
1,63071,5,5.3111,5.2867,-83.47,1
1,63136,1,2.4303,2.7499,-76.97,1
1,63145,2,9.6275,9.0128,-88.44,1
1,63151,3,10.5565,10.4284,-87.86,1
1,63158,4,10.3313,10.0740,-83.40,1
1,63164,5,5.2829,5.2859,-84.60,1
1,63205,1,2.3646,2.6649,-80.18,1
1,63211,2,9.5853,9.1392,-87.61,1
1,63217,3,10.6175,10.4701,-88.94,1
1,63224,4,10.2656,10.1163,-83.37,1
1,63230,5,5.2689,5.2821,-83.79,1
1,63293,1,2.3271,2.5903,-80.26,1
1,63300,2,9.6650,9.2552,-89.69,1
1,63306,3,10.7911,10.5409,-88.20,1
1,63312,4,10.4157,10.1823,-83.63,1
1,63318,5,5.3486,5.2968,-82.97,1
1,63371,1,2.2192,2.5084,-79.72,1
1,63377,2,9.6510,9.3426,-89.20,1
1,63384,3,10.9881,10.6396,-89.11,1
1,63390,4,10.5752,10.2691,-84.12,1
1,63396,5,5.3486,5.3082,-82.98,1
1,63447,1,2.1676,2.4332,-75.91,1
1,63453,2,9.7401,9.4303,-91.21,1
1,63459,3,11.0116,10.7217,-91.49,1
1,63466,4,10.1248,10.2372,-84.59,1
1,63472,5,5.3017,5.3068,-84.05,1
1,63536,1,2.0691,2.3528,-80.16,1
1,64106,3,11.5136,10.8965,-89.45,1
1,64113,4,10.4157,10.2766,-87.28,1
1,64119,5,5.4331,5.3347,-84.22,1
1,64175,1,1.6797,2.2043,-71.27,1
1,64745,3,12.1282,11.1683,-87.85,1
1,64752,4,10.2187,10.2638,-85.59,1
1,64758,5,5.0765,5.2777,-84.30,1
1,64812,1,2.0034,2.1599,-82.31,1
1,64818,2,10.1061,9.5794,-88.03,1
1,64824,3,11.6168,11.2673,-88.44,1
1,64831,4,10.1764,10.2445,-84.34,1
1,64837,5,5.0249,5.2219,-83.71,1
1,64889,1,2.2614,2.1823,-83.91,1
1,64895,2,10.3969,9.7599,-86.76,1
1,64902,3,11.9546,11.4190,-88.33,1
1,64908,4,10.0591,10.2036,-83.77,1
1,64914,5,4.9686,5.1660,-82.66,1
1,64965,1,2.1160,2.1677,-83.23,1
1,64971,2,10.4392,9.9098,-91.41,1
1,64978,3,11.6496,11.4699,-86.14,1
1,64984,4,9.9512,10.1479,-81.83,1
1,64990,5,4.8982,5.1069,-81.66,1
1,65054,1,2.1301,2.1594,-77.51,1
1,66190,4,8.9472,9.8829,-82.59,1
1,66197,5,3.8613,4.8320,-79.88,1
1,66252,1,3.0778,2.3621,-81.04,1
1,66258,2,10.5565,10.0525,-87.45,1
1,66265,3,11.9546,11.5769,-89.88,1
1,66271,4,8.8346,9.6516,-81.75,1
1,66277,5,3.7722,4.5981,-80.64,1
1,66329,1,3.1529,2.5366,-79.99,1
1,66335,2,10.4955,10.1503,-89.07,1
1,66341,3,11.7435,11.6136,-90.62,1
1,66347,4,8.8017,9.4640,-81.21,1
1,66354,5,3.6830,4.3961,-81.08,1
1,66405,1,3.2420,2.6923,-80.60,1
1,66411,2,10.3172,10.1871,-89.62,1
1,66418,3,11.4620,11.5802,-87.85,1
1,66424,4,8.7830,9.3137,-77.71,1
1,66430,5,3.6174,4.2243,-80.70,1
1,66495,1,3.3218,2.8312,-80.54,1
1,67065,3,10.9693,11.4454,-89.62,1
1,67072,4,8.0651,9.0382,-81.47,1
1,67078,5,3.0496,3.9650,-76.94,1
1,67132,1,4.0349,3.0969,-81.69,1
1,67138,2,10.6691,10.2935,-87.03,1
1,67144,3,10.9365,11.3331,-88.99,1
1,67151,4,7.9572,8.7996,-81.91,1
1,67157,5,2.9464,3.7402,-76.74,1
1,67209,1,4.0584,3.3091,-81.25,1
1,67215,2,10.5940,10.3598,-85.43,1
1,67785,4,7.2019,8.4470,-82.72,1
1,67792,5,2.4632,3.4584,-71.97,1
1,67845,1,4.8278,3.6442,-83.13,1
1,67851,2,10.0873,10.2997,-88.57,1
1,67857,3,10.6925,11.1917,-88.12,1
1,67864,4,7.1268,8.1556,-82.41,1
1,67870,5,2.3928,3.2232,-72.55,1
1,67933,1,4.9029,3.9220,-83.47,1
1,67939,2,10.1905,10.2756,-88.20,1
1,67946,3,10.6503,11.0722,-89.20,1
1,67952,4,7.0376,7.9089,-82.38,1
1,67958,5,2.3083,3.0213,-72.32,1
1,68011,1,4.9545,4.1499,-84.68,1
1,68017,2,10.1999,10.2589,-86.85,1
1,68024,3,10.6972,10.9895,-86.81,1
1,68030,4,6.9626,7.7000,-82.08,1
1,68036,5,2.2708,2.8557,-71.59,1
1,68087,1,5.0624,4.3513,-84.53,1
1,68093,2,10.6128,10.3370,-86.77,1
1,68100,3,10.6503,10.9146,-88.49,1
1,68106,4,6.8547,7.5135,-81.83,1
1,68112,5,2.2755,2.7276,-70.38,1
1,68176,1,5.1562,4.5289,-82.75,1
1,68183,2,10.3782,10.3461,-86.60,1
1,68189,3,10.6175,10.8490,-90.54,1
1,68195,4,6.7468,7.3443,-82.33,1
1,68202,5,2.1441,2.5989,-71.31,1
1,68254,1,5.2689,4.6922,-82.86,1
1,68260,2,10.8145,10.4495,-84.76,1
1,68267,3,10.6456,10.8041,-89.15,1
1,68273,4,6.6576,7.1927,-81.99,1
1,68279,5,2.1394,2.4975,-69.91,1
1,68330,1,5.3955,4.8474,-81.36,1
1,68900,3,10.4063,10.7163,-88.28,1
1,68907,4,5.9585,6.9203,-81.21,1
1,68913,5,1.9799,2.3833,-72.05,1
1,68966,1,6.0148,5.1051,-80.88,1
1,68972,2,10.2515,10.4058,-88.82,1
1,68979,3,10.3876,10.6438,-89.28,1
1,68985,4,5.8835,6.6915,-80.65,1
1,68991,5,1.9846,2.2953,-71.52,1
1,69054,1,6.1791,5.3421,-76.58,1
1,69060,2,10.4955,10.4256,-88.99,1
1,69066,3,10.3547,10.5800,-90.20,1
1,69073,4,5.8131,6.4976,-77.35,1
1,69079,5,2.0222,2.2350,-75.20,1
1,69131,1,6.2588,5.5444,-77.51,1
1,69137,2,10.4016,10.4203,-89.88,1
1,69143,3,10.3360,10.5261,-88.91,1
1,69150,4,5.6864,6.3186,-80.94,1
1,69156,5,1.9987,2.1828,-74.84,1
1,69207,1,6.2917,5.7093,-80.62,1
1,69213,2,10.6128,10.4628,-88.94,1
1,69219,3,10.3078,10.4779,-88.09,1
1,69226,4,5.6348,6.1677,-77.59,1
1,69232,5,2.0456,2.1526,-75.47,1
1,69287,1,6.3902,5.8596,-80.46,1
1,69293,2,10.7207,10.5197,-87.01,1
1,69300,3,10.2703,10.4321,-90.20,1
1,69306,4,5.5457,6.0304,-75.35,1
1,69312,5,2.0268,2.1248,-73.89,1
1,69375,1,6.4981,6.0005,-80.88,1
1,69381,2,10.7770,10.5765,-87.19,1
1,69388,3,10.3078,10.4047,-92.00,1
1,69394,4,5.5081,5.9152,-77.11,1
1,69400,5,2.0456,2.1073,-77.48,1
1,69453,1,6.5919,6.1310,-80.54,1
1,69459,2,10.7066,10.6052,-89.31,1
1,70031,4,4.8044,5.6700,-75.32,1
1,70038,5,2.3130,2.1527,-81.83,1
1,70091,1,7.3145,6.3922,-81.52,1
1,70097,2,11.0632,10.7063,-89.03,1
1,70104,3,10.0122,10.3181,-88.12,1
1,70110,4,4.7011,5.4562,-75.55,1
1,70116,5,2.3318,2.1923,-82.67,1
1,70167,1,7.4083,6.6165,-81.99,1
1,70737,3,10.0826,10.2661,-88.41,1
1,70744,4,3.9176,5.1166,-75.99,1
1,70750,5,2.8432,2.3359,-83.79,1
1,70815,1,8.2200,6.9703,-82.47,1
1,70821,2,10.9459,10.7591,-90.20,1
1,70827,3,10.1436,10.2391,-86.78,1
1,70834,4,3.7769,4.8210,-72.28,1
1,70840,5,3.0356,2.4903,-88.74,1
1,70892,1,8.2903,7.2617,-82.07,1
1,70898,2,10.7394,10.7548,-87.85,1
1,70904,3,10.0873,10.2056,-88.17,1
1,70911,4,3.7300,4.5802,-72.13,1
1,70917,5,3.1904,2.6448,-88.16,1
1,70968,1,8.3842,7.5094,-82.97,1
1,70974,2,10.7770,10.7597,-87.53,1
1,70981,3,10.0404,10.1691,-90.37,1
1,70987,4,3.6455,4.3739,-72.84,1
1,70993,5,2.9136,2.7041,-89.79,1
1,71046,1,8.4733,7.7221,-82.84,1
1,71052,2,11.1101,10.8370,-85.37,1
1,71058,3,10.1389,10.1624,-89.62,1
1,71065,4,3.5564,4.1935,-71.92,1
1,71071,5,2.9746,2.7638,-86.28,1
1,71134,1,8.6047,7.9169,-83.67,1
1,71140,2,11.4338,10.9687,-85.40,1
1,71146,3,10.2327,10.1780,-87.06,1
1,71153,4,3.4672,4.0332,-72.05,1
1,71159,5,3.0590,2.8290,-85.49,1
1,71211,1,8.6328,8.0749,-83.87,1
1,71217,2,11.4714,11.0797,-84.76,1
1,71223,3,10.2187,10.1869,-85.29,1
1,71234,4,3.3358,3.8793,-72.92,1
1,71240,5,3.1763,2.9056,-85.08,1
1,71293,1,8.7267,8.2188,-83.51,1
1,71299,2,11.5558,11.1847,-86.04,1
1,71306,3,10.1248,10.1732,-85.81,1
1,71312,4,3.2232,3.7345,-75.52,1
1,71318,5,3.1904,2.9685,-86.44,1
1,71369,1,8.8252,8.3526,-83.24,1
1,71375,2,11.3212,11.2149,-88.36,1
1,71382,3,10.0732,10.1512,-88.58,1
1,71388,4,3.1622,3.6082,-69.43,1
1,71394,5,3.2420,3.0288,-87.95,1
1,71447,1,8.9660,8.4880,-82.84,1
1,71453,2,11.1711,11.2052,-87.93,1
1,71459,3,10.0216,10.1226,-87.39,1
1,71466,4,3.0731,3.4901,-72.69,1
1,72085,1,9.4727,8.7053,-88.41,1
1,72655,3,9.5571,9.9978,-78.16,1
1,72662,4,2.2520,3.2169,-80.60,1
1,72668,5,4.5651,3.3679,-83.75,1
1,72735,1,9.8855,8.9658,-85.21,1
1,72741,2,10.9693,11.1532,-83.99,1
1,72748,3,9.4774,9.8829,-80.33,1
1,72754,4,2.3271,3.0205,-81.75,1
1,72760,5,4.4337,3.6031,-83.77,1
1,72812,1,9.8809,9.1677,-86.44,1
1,72818,2,11.0491,11.1302,-80.48,1
1,72825,3,9.4258,9.7820,-76.76,1
1,72831,4,2.4397,2.8923,-81.25,1
1,72837,5,4.5510,3.8123,-83.79,1
1,72888,1,9.8855,9.3261,-84.30,1
1,72894,2,10.9553,11.0916,-80.52,1
1,72901,3,9.3882,9.6951,-77.75,1
1,72907,4,2.4491,2.7945,-83.06,1
1,72913,5,4.3446,3.9298,-83.80,1
1,72966,1,9.8668,9.4455,-89.59,1
1,72972,2,10.8145,11.0304,-81.99,1
1,72979,3,9.2897,9.6056,-77.32,1
1,72985,4,2.5382,2.7380,-84.28,1
1,72991,5,4.2836,4.0079,-85.19,1
1,73054,1,9.8762,9.5405,-85.69,1
1,73060,2,10.8051,10.9807,-80.80,1
1,73067,3,9.2146,9.5193,-80.15,1
1,73073,4,2.6555,2.7198,-85.73,1
1,73079,5,4.4243,4.0998,-84.00,1
1,73132,1,9.8339,9.6053,-88.03,1
1,73141,2,10.7723,10.9347,-78.15,1
1,73148,3,9.1771,9.4438,-77.13,1
1,73154,4,2.2943,2.6259,-85.37,1
1,73160,5,4.4056,4.1673,-85.04,1
1,73213,1,10.0075,9.6940,-86.28,1
1,73219,2,10.6925,10.8813,-81.66,1
1,73226,3,9.0598,9.3591,-80.78,1
1,73232,4,2.6743,2.6366,-82.64,1
1,73238,5,4.6026,4.2633,-83.79,1
1,73289,1,9.8574,9.7301,inf,1
1,73295,2,10.5752,10.8137,-82.32,1
1,73301,3,9.0035,9.2806,-81.12,1
1,73308,4,2.6743,2.6449,-81.53,1
1,73314,5,4.5932,4.3361,-84.40,1
1,73365,1,9.9935,9.7882,-85.11,1
1,73371,2,10.5189,10.7487,-83.06,1
1,73378,3,8.9097,9.1987,-80.85,1
1,73384,4,2.6978,2.6566,-82.15,1
1,73390,5,4.6636,4.4084,-84.02,1
1,74020,2,9.9512,10.5727,-79.08,1
1,74027,3,8.2950,8.9993,-80.70,1
1,74033,4,3.1810,2.7723,-82.15,1
1,74039,5,5.0436,4.5486,-84.38,1
1,74093,1,10.0920,9.8553,-88.33,1
1,74099,2,9.9137,10.4272,-80.48,1
1,74106,3,8.2012,8.8232,-81.04,1
1,74112,4,3.2608,2.8801,-82.82,1
1,74118,5,5.0812,4.6661,-83.34,1
1,74173,1,9.9137,9.8682,-87.39,1
1,74179,2,9.8105,10.2911,-78.14,1
1,74185,3,8.0605,8.6548,-81.47,1
1,74192,4,3.3312,2.9796,-82.10,1
1,74198,5,5.1938,4.7826,-83.67,1
1,74250,1,9.9653,9.8896,-87.03,1
1,74256,2,9.6650,10.1530,-81.55,1
1,74263,3,7.9338,8.4957,-82.48,1
1,74269,4,3.4015,3.0728,-82.72,1
1,74275,5,5.1797,4.8702,-83.34,1
1,74328,1,9.9418,9.9011,-86.70,1
1,74334,2,9.5384,10.0173,-81.83,1
1,74340,3,7.8915,8.3624,-82.68,1
1,74347,4,3.4578,3.1577,-83.59,1
1,74353,5,5.2172,4.9468,-83.34,1
1,74416,1,9.9231,9.9060,-86.87,1
1,74422,2,9.4774,9.8981,-81.75,1
1,74429,3,7.7836,8.2346,-82.59,1
1,74435,4,3.5423,3.2426,-83.59,1
1,74441,5,5.2876,5.0220,-83.47,1
1,74493,1,9.9090,9.9066,-87.39,1
1,74499,2,9.3882,9.7856,-80.76,1
1,74506,3,7.6898,8.1144,-83.10,1
1,74512,4,3.6408,3.3305,-84.26,1
1,74518,5,5.2923,5.0817,-84.18,1
1,74569,1,9.8855,9.9020,-88.01,1
1,74575,2,9.3507,9.6896,-80.48,1
1,74582,3,7.6992,8.0228,-80.75,1
1,74588,4,3.6690,3.4052,-82.59,1
1,74594,5,5.3768,5.1468,-83.89,1
1,74647,1,9.8433,9.8890,-87.61,1
1,74653,2,9.2287,9.5879,-77.39,1
1,74659,3,7.6617,7.9431,-77.71,1
1,74665,4,3.7206,3.4748,-84.10,1
1,74672,5,5.4190,5.2069,-84.10,1
1,74735,1,9.8715,9.8852,-89.45,1
1,74741,2,9.1489,9.4910,-76.67,1
1,74748,3,7.4646,7.8375,-79.89,1
1,74754,4,3.7909,3.5446,-82.78,1
1,74760,5,5.4378,5.2578,-84.38,1
1,74813,1,9.8715,9.8821,-89.03,1
1,74819,2,9.1349,9.4124,-76.07,1
1,74825,3,7.4318,7.7479,-75.31,1
1,74832,4,3.8144,3.6041,-83.77,1
1,74838,5,5.4753,5.3058,-84.53,1
1,74889,1,9.8339,9.8715,-89.45,1
1,74895,2,9.0598,9.3346,-76.35,1
1,74901,3,7.3567,7.6616,-74.95,1
1,74908,4,3.9458,3.6795,-82.92,1
1,74914,5,5.5222,5.3536,-84.52,1
1,74966,1,9.8762,9.8725,-88.59,1
1,74972,2,8.9707,9.2543,-76.84,1
1,74978,3,7.3238,7.5870,-74.25,1
1,74985,4,3.9833,3.7466,-81.91,1
1,74991,5,5.6489,5.4187,-85.25,1
1,75617,2,8.2247,9.0270,-77.42,1
1,75624,3,6.4230,7.3302,-83.02,1
1,75630,4,4.7293,3.9634,-83.51,1
1,75636,5,6.0101,5.5493,-82.96,1
1,75691,1,9.6979,9.8340,-88.66,1
1,75697,2,8.0933,8.8210,-80.79,1
1,75703,3,6.4043,7.1258,-81.83,1
1,75710,4,4.7903,4.1459,-83.59,1
1,75716,5,6.1087,5.6727,-82.10,1
1,75768,1,9.7166,9.8081,-89.61,1
1,75774,2,7.9948,8.6386,-81.67,1
1,75780,3,6.3761,6.9604,-81.45,1
1,75787,4,4.9029,4.3130,-83.76,1
1,75793,5,6.2119,5.7917,-81.75,1
1,75856,1,9.7542,9.7962,-88.24,1
1,75862,2,7.8962,8.4748,-81.21,1
1,75869,3,6.3526,6.8262,-75.75,1
1,75875,4,4.9545,4.4546,-83.06,1
1,75881,5,6.2447,5.8917,-82.17,1
1,75933,1,9.7729,9.7911,-88.52,1
1,75940,2,7.8352,8.3336,-80.65,1
1,75946,3,6.3198,6.7145,-77.08,1
1,75952,4,5.0155,4.5784,-81.91,1
1,75959,5,6.3104,5.9841,-83.91,1
1,76010,1,9.7964,9.7922,-87.60,1
1,76016,2,7.7508,8.2050,-80.39,1
1,76023,3,6.0899,6.5766,-81.67,1
1,76029,4,5.1093,4.6955,-81.83,1
1,76035,5,6.3433,6.0634,-84.84,1
1,76088,1,9.7964,9.7932,-89.88,1
1,76094,2,7.6851,8.0903,-80.23,1
1,76100,3,6.0758,6.4661,-79.96,1
1,76107,4,5.1891,4.8045,-81.29,1
1,76113,5,6.4183,6.1417,-84.05,1
1,76168,1,9.7589,9.7856,-92.38,1
1,76174,2,7.5819,7.9781,-80.73,1
1,76180,3,6.0571,6.3758,-72.84,1
1,76187,4,5.2219,4.8966,-81.24,1
1,76193,5,6.4699,6.2142,-84.05,1
1,76256,1,9.8246,9.7942,-89.71,1
1,76262,2,7.5115,7.8751,-77.63,1
1,76268,3,6.0101,6.2951,-72.21,1
1,76275,4,5.2970,4.9850,-81.21,1
1,76281,5,6.5685,6.2923,-83.21,1
1,76333,1,9.8058,9.7968,-89.79,1
1,76339,2,7.4552,7.7824,-79.87,1
1,76346,3,5.8929,6.2063,-73.81,1
1,76352,4,5.3955,5.0756,-81.43,1
1,76358,5,6.5966,6.3595,-83.97,1
1,76409,1,9.8527,9.8091,-88.82,1
1,76415,2,7.3942,7.6968,-75.75,1
1,76422,3,5.7615,6.1082,-80.62,1
1,76428,4,5.4471,5.1576,-81.61,1
1,76434,5,6.6905,6.4325,-83.10,1
1,76486,1,9.8339,9.8146,-88.20,1
1,76492,2,7.3285,7.6155,-73.81,1
1,76498,3,5.6113,5.9985,-81.01,1
1,76505,4,5.5316,5.2401,-80.81,1
1,76511,5,6.7092,6.4936,-83.64,1
1,76575,1,9.8527,9.8230,-86.01,1
1,76581,2,7.2488,7.5346,-75.83,1
1,76587,3,5.5316,5.8955,-80.88,1
1,76594,4,5.6489,5.3303,-81.43,1
1,76600,5,6.7937,6.5598,-84.92,1
1,76652,1,9.8762,9.8347,-86.06,1
1,76658,2,7.1596,7.4518,-79.58,1
1,76664,3,5.4237,5.7914,-78.69,1
1,76671,4,5.8037,5.4348,-81.59,1
1,76677,5,6.7421,6.6000,-84.53,1
1,76728,1,9.8902,9.8470,-88.66,1
1,76734,2,7.0799,7.3697,-72.84,1
1,76741,3,5.3345,5.6905,-80.60,1
1,76747,4,5.8694,5.5307,-82.58,1
1,76753,5,6.9016,6.6666,-83.11,1
1,76805,1,9.8902,9.8565,-87.39,1
1,76811,2,6.9954,7.2871,-73.00,1
1,76817,3,5.3017,5.6047,-76.57,1
1,76824,4,5.9585,5.6251,-83.16,1
1,76830,5,6.9907,6.7381,-83.34,1
1,76893,1,9.8527,9.8557,-88.03,1
1,76899,2,6.8687,7.1948,-75.91,1
1,76906,3,5.2219,5.5202,-76.66,1
1,76912,4,6.0711,5.7236,-83.29,1
1,76918,5,7.0939,6.8167,-83.00,1
1,76970,1,9.8762,9.8602,-87.85,1
1,76976,2,6.7374,7.0938,-80.23,1
1,76983,3,5.1891,5.4472,-76.07,1
1,76989,4,6.1228,5.8117,-82.58,1
1,76995,5,7.1080,6.8810,-83.10,1
1,77047,1,9.9231,9.8741,-87.55,1
1,77053,2,6.6013,6.9851,-80.78,1
1,77060,3,5.0202,5.3529,-80.28,1
1,77066,4,6.2025,5.8979,-83.11,1
1,77072,5,7.1878,6.9487,-84.27,1
1,77125,1,9.9512,9.8911,-86.01,1
1,77131,2,6.5262,6.8839,-79.99,1
1,77137,3,4.8747,5.2474,-80.88,1
1,77144,4,6.2635,5.9786,-82.86,1
1,77150,5,7.3426,7.0356,-84.76,1
1,77213,1,10.0075,9.9168,-85.97,1
1,77220,2,6.5122,6.8018,-75.76,1
1,77226,3,4.8560,5.1610,-80.68,1
1,77232,4,6.3620,6.0632,-83.08,1
1,77239,5,7.3708,7.1096,-83.08,1
1,77291,1,10.0075,9.9368,-86.69,1
1,77297,2,6.4324,6.7203,-73.45,1
1,77303,3,4.9170,5.1072,-72.08,1
1,77310,4,6.4371,6.1457,-83.19,1
1,77316,5,7.3332,7.1589,-84.69,1
1,77367,1,10.0028,9.9514,-88.66,1
1,77374,2,6.3902,6.6474,-75.36,1
1,77380,3,4.8513,5.0507,-71.55,1
1,77386,4,6.4887,6.2214,-82.82,1
1,77392,5,7.4177,7.2160,-83.95,1
1,77445,1,10.0169,9.9659,-89.11,1
1,77451,2,6.3104,6.5731,-75.55,1
1,77457,3,4.7574,4.9860,-71.71,1
1,77464,4,6.6295,6.3115,-82.48,1
1,77470,5,7.4881,7.2761,-84.93,1
1,77533,1,10.1295,10.0020,-86.46,1
1,77539,2,6.2119,6.4934,-73.27,1
1,77546,3,4.6355,4.9086,-73.65,1
1,77552,4,6.7186,6.4013,-82.38,1
1,77558,5,7.5772,7.3425,-84.92,1
1,77611,1,10.1436,10.0332,-84.68,1
1,77617,2,6.1087,6.4085,-73.23,1
1,77623,3,4.4337,4.8038,-79.99,1
1,77630,4,6.7139,6.4703,-82.89,1
1,77636,5,7.6992,7.4212,-85.81,1
1,77687,1,10.0732,10.0421,-86.44,1
1,77693,2,6.1087,6.3423,-73.11,1
1,77700,3,4.5322,4.7439,-73.48,1
1,77706,4,6.7608,6.5344,-83.35,1
1,77712,5,7.8775,7.5219,-86.17,1
1,77765,1,10.1436,10.0645,-87.31,1
1,77771,2,5.9867,6.2638,-74.36,1
1,77778,3,4.0771,4.5967,-76.07,1
1,77784,4,6.8734,6.6092,-83.63,1
1,77790,5,7.9854,7.6242,-85.65,1
1,77853,1,10.1905,10.0923,-86.14,1
1,77859,2,5.8178,6.1654,-80.54,1
1,77866,3,4.0631,4.4790,-78.28,1
1,77872,4,6.9767,6.6903,-83.56,1
1,77878,5,7.7320,7.6480,-85.35,1
1,77931,1,10.1014,10.0943,-88.28,1
1,77937,2,5.6958,6.0617,-80.48,1
1,77944,3,4.1944,4.4162,-72.16,1
1,77950,4,7.0939,6.7794,-83.39,1
1,77956,5,7.9619,7.7173,-84.20,1
1,78007,1,10.1577,10.1083,-86.69,1
1,78014,2,5.6630,5.9737,-80.47,1
1,78020,3,4.1522,4.3579,-72.37,1
1,78026,4,7.1925,6.8706,-83.71,1
1,78032,5,7.9525,7.7692,-84.42,1
1,78085,1,10.2327,10.1357,-85.29,1
1,78091,2,5.5691,5.8844,-80.70,1
1,78097,3,3.8895,4.2545,-80.30,1
1,78104,4,7.3238,6.9706,-83.21,1
1,78110,5,8.8768,8.0137,-83.11,1
1,78173,1,10.2843,10.1685,-85.24,1
1,78179,2,5.5128,5.8024,-80.70,1
1,78185,3,3.9598,4.1895,-71.51,1
1,78192,4,7.3520,7.0548,-84.62,1
1,78202,5,8.8956,8.2083,-83.80,1
1,78255,1,10.3172,10.2013,-85.25,1
1,78261,2,5.4659,5.7282,-80.76,1
1,78267,3,3.8801,4.1212,-72.10,1
1,78274,4,7.4458,7.1411,-84.08,1
1,78280,5,8.8862,8.3579,-83.68,1
1,78331,1,10.3500,10.2342,-84.92,1
1,78337,2,5.4518,5.6672,-80.21,1
1,78344,3,3.7909,4.0483,-72.46,1
1,78350,4,7.5256,7.2259,-84.84,1
1,78356,5,8.8909,8.4755,-84.92,1
1,78409,1,10.3547,10.2608,-86.77,1
1,78415,2,5.3439,5.5958,-76.66,1
1,78421,3,3.6361,3.9573,-79.74,1
1,78428,4,7.6007,7.3086,-85.45,1
1,78434,5,9.0739,8.6076,-87.06,1
1,78485,1,10.3547,10.2815,-87.85,1
1,78492,2,5.3439,5.5402,-76.60,1
1,78498,3,3.5845,3.8751,-75.91,1
1,78504,4,7.6757,7.3897,-86.06,1
1,79133,1,10.6972,10.3733,-86.87,1
1,79139,2,4.9686,5.4141,-82.42,1
1,79146,3,3.0778,3.6991,-71.80,1
1,79152,4,8.0558,7.5367,-87.45,1
1,79161,5,9.1255,8.7219,-81.60,1
1,79214,1,10.7301,10.4520,-87.11,1
1,79220,2,4.8278,5.2847,-84.08,1
1,79227,3,3.0450,3.5547,-71.67,1
1,79233,4,8.0792,7.6564,-87.31,1
1,79239,5,9.1724,8.8213,-82.27,1
1,79291,1,10.8380,10.5372,-86.69,1
1,79297,2,4.8372,5.1859,-84.21,1
1,79304,3,2.9511,3.4215,-75.69,1
1,79310,4,8.1355,7.7621,-89.77,1
1,79316,5,9.2146,8.9081,-81.75,1
1,79369,1,11.0163,10.6429,-86.85,1
1,79375,2,5.0155,5.1483,-82.70,1
1,79381,3,2.9511,3.3177,-71.97,1
1,79388,4,8.1918,7.8570,-89.03,1
1,79394,5,9.2569,8.9851,-81.01,1
1,79445,1,10.9600,10.7129,-86.87,1
1,79451,2,4.7997,5.0714,-82.97,1
1,79458,3,2.9277,3.2316,-72.30,1
1,79464,4,8.2575,7.9454,-91.15,1
1,79470,5,9.3225,9.0596,-81.09,1
1,79534,1,10.8802,10.7498,-86.44,1
1,79540,2,4.6918,4.9876,-84.60,1
1,79547,3,2.8479,3.1469,-73.41,1
1,80116,5,9.5947,9.1776,-89.11,1
1,80172,1,11.1382,10.8355,-83.00,1
1,80178,2,4.7668,4.9389,-81.92,1
1,80185,3,2.6227,3.0312,-80.86,1
1,80191,4,8.3560,8.0360,-89.54,1
1,80808,1,11.0773,10.8889,-84.68,1
1,80814,2,4.7434,4.8957,-80.40,1
1,80821,3,2.6274,2.9421,-79.70,1
1,81393,5,9.6510,9.2821,-89.45,1
1,81448,1,11.1664,10.9501,-85.57,1
1,81454,2,4.8372,4.8828,-80.34,1
1,81461,3,2.6039,2.8675,-80.32,1
1,81467,4,8.5156,8.1418,-87.53,1
1,81473,5,9.7166,9.3780,-88.58,1
1,81526,1,11.1852,11.0020,-85.21,1
1,81533,2,4.8325,4.8717,-80.04,1
1,81539,3,2.5758,2.8031,-80.42,1
1,81545,4,8.5156,8.2243,-87.85,1
1,81551,5,9.6463,9.4372,-88.49,1
1,81615,1,11.1429,11.0331,-85.48,1
1,81621,2,4.8278,4.8620,-77.68,1
1,81628,3,2.5664,2.7509,-77.59,1
1,81634,4,8.5296,8.2917,-87.69,1
1,81640,5,9.7120,9.4978,-88.17,1
1,81693,1,11.1429,11.0573,-85.25,1
1,81699,2,4.8747,4.8648,-80.15,1
1,81706,3,2.5899,2.7153,-80.15,1
1,81712,4,8.5202,8.3421,-87.77,1
1,81718,5,9.6650,9.5347,-88.24,1
1,81769,1,11.1382,11.0752,-85.51,1
1,81775,2,4.8466,4.8608,-80.79,1
1,81782,3,2.6274,2.6959,-79.72,1
1,81788,4,8.5343,8.3845,-87.95,1
1,81794,5,9.7073,9.5728,-88.24,1
1,81847,1,11.1101,11.0829,-85.60,1
1,81853,2,4.8701,4.8628,-76.84,1
1,81859,3,2.6321,2.6818,-76.64,1
1,81866,4,8.5296,8.4166,-87.68,1
1,81872,5,9.7401,9.6097,-88.03,1
1,81936,1,11.1054,11.0879,-85.81,1
1,81943,2,4.8419,4.8582,-74.44,1
1,81949,3,2.6415,2.6729,-79.85,1
1,81955,4,8.5719,8.4508,-87.95,1
1,81961,5,9.6557,9.6199,-88.20,1
1,82014,1,11.1195,11.0948,-86.12,1
1,82020,2,4.8747,4.8619,-76.64,1
1,82026,3,2.6931,2.6774,-79.71,1
1,82033,4,8.5109,8.4641,-89.11,1
1,82039,5,9.6416,9.6247,-88.82,1
1,82090,1,11.1476,11.1065,-86.27,1
1,82096,2,4.8466,4.8585,-76.19,1
1,82102,3,2.6649,2.6746,-76.35,1
1,82109,4,8.5202,8.4765,-89.62,1
1,82115,5,9.5993,9.6191,-89.45,1
1,82167,1,11.1242,11.1104,-86.44,1
1,82173,2,4.8701,4.8610,-79.84,1
1,82180,3,2.6321,2.6652,-76.38,1
1,82186,4,8.5390,8.4903,-89.62,1
1,82192,5,9.6510,9.6261,-88.91,1
1,82255,1,11.1429,11.1176,-87.61,1
1,82261,2,4.8747,4.8641,-76.33,1
1,82267,3,2.6274,2.6569,-76.86,1
1,82837,5,9.7729,9.6585,-90.20,1
1,82892,1,11.1054,11.1149,-85.93,1
1,82899,2,4.8372,4.8581,-80.86,1
1,82905,3,2.4538,2.6121,-80.64,1
1,82911,4,8.6328,8.5217,-89.28,1
1,82917,5,9.8058,9.6910,-90.20,1
